,,Item Classification,,,,Attribute Classification,,,,,,Connection with Alliance companies validation items,,,Structure of Evaluation item (Japanese),,,,,,,,,,Structure of Evaluation item (English),,,,,,,,,,Application,,,Deployment,,,,,,,,Achievement,,,,,,,,Digital Phase Evaluation,,,,,,,,,,,,,,,,,,,,Physical Phase Confirmation,,,,,,,,,,,,,,,,,Physical Phase Evaluation,,,,,,,,,,,,,,,,,,,,,,,,,,,,,,,,,,,,,Market,USA,USA,USA,USA,USA,USA,USA,USA,USA,USA,USA,USA,USA,USA,USA,USA,USA,USA,USA,USA,CAN,CAN,CAN,CAN,CAN,CAN,CAN,CAN,CAN,CAN,CAN,CAN,CAN,CAN,,
,,,,,,,,,,,,,,,Performance Targets,,Vehicle Targets,,,Component Targets,,,,,Performance Targets,,Vehicle Targets,,,Component Targets,,,,,Development pattern,,,Section name,,Person in charge,,,,,,Section name,,Person in charge,,,,,,Digital,,,,,,,,,,,,,,,,,,,,Physical Confirmation,,,,,,,,,,,,,,,,,Physical,,,,,,,,,,,,,,,,,,,,,,,,,,,,,,,,,,,,,Engine,VQ38 (ZV9),VQ38 (ZV9),VQ38 (ZV9),VQ38 (ZV9),VQ38 (ZV9),VQ38 (ZV9),VQ38 (ZV9),VQ38 (ZV9),VQ38 (ZV9),VQ38 (ZV9),VQ38 (ZV9),VQ38 (ZV9),VQ38 (ZV9),VQ38 (ZV9),VQ38 (ZV9),VQ38 (ZV9),VQ38 (ZV9),VQ38 (ZV9),VQ38 (ZV9),VQ38 (ZV9),VQ38 (ZV9),VQ38 (ZV9),VQ38 (ZV9),VQ38 (ZV9),VQ38 (ZV9),VQ38 (ZV9),VQ38 (ZV9),VQ38 (ZV9),VQ38 (ZV9),VQ38 (ZV9),VQ38 (ZV9),VQ38 (ZV9),VQ38 (ZV9),VQ38 (ZV9),,
,,,,,,,,,,,,,,,,,,,,,,,,,,,,,,,,,,,,,,,,,,,,,,,,,,,,,,Section name,,Person in charge,,,,DS,,,,,,,DC,,,,,,,Section name,,Person in charge,,,,PFC,,,,,,,,,,,Section name,,Person in charge,,,,VC,,,,,,,,,,PT1,,,,,,,,,,PT2,,,,,,,,,,,Gearbox,9AT,9AT,9AT,9AT,9AT,9AT,9AT,9AT,9AT,9AT,9AT,9AT,9AT,9AT,9AT,9AT,9AT,9AT,9AT,9AT,9AT,9AT,9AT,9AT,9AT,9AT,9AT,9AT,9AT,9AT,9AT,9AT,9AT,9AT,,
,,,,,,,,,,,,,,,,,,,,,,,,,,,,,,,,,,,,,,,,,,,,,,,,,,,,,,,,,,,,,Evaluation result,,,,,,,Evaluation result,,,,,,,,,,,,,PLAN,,Evaluation result,,,,,,,,,,,,,,,PLAN,Evaluation result,,,,,,,,,PLAN,Evaluation result,,,,,,,,,PLAN,Evaluation result,,,,,,,,,Axle,2WD,2WD,AWD,AWD,AWD,AWD,AWD,AWD,AWD,AWD,AWD,AWD,AWD,AWD,AWD,AWD,AWD,AWD,AWD,AWD,AWD,AWD,AWD,AWD,AWD,AWD,AWD,AWD,AWD,AWD,AWD,AWD,AWD,AWD,,
,,,,,,,,,,,,,,,,,,,,,,,,,,,,,,,,,,,,,,,,,,,,,,,,,,,,,,,,,,,,,First time,,,,Counter Measures,,,First time,,,,Counter Measures,,,,,,,,,,,First time,,,,,Counter Measures,,,,,,,,,,,First time,,,,,Counter Measures,,,,,First time,,,,,Counter Measures,,,,,First time,,,,,Counter Measures,,,,Handle,LHD,LHD,LHD,LHD,LHD,LHD,LHD,LHD,LHD,LHD,LHD,LHD,LHD,LHD,LHD,LHD,LHD,LHD,LHD,LHD,LHD,LHD,LHD,LHD,LHD,LHD,LHD,LHD,LHD,LHD,LHD,LHD,LHD,LHD,,
Actions,CADICS No.,SNT,Regulations,PEP,Other,Good Design,Y0,Y0 No.,CAR recurrence prevention,Solution,Solution No.,Common Validation item,Procedure,Requirement,Step 1,Step 2,Step 1,Step 2,Step 3,Level 1,Level 2,Level 3,Level 4,Comment,Step 1,Step 2,Step 1,Step 2,Step 3,Level 1,Level 2,Level 3,Level 4,Comment,Digital evaluation,PF evaluation,Physical evaluation,KCA Project group,Team,Manager name,ID or Mail account,Name of person in charge,ID or Mail account,Target value,Comment,KCA Project group,Team,Manager name,ID or Mail account,Name of person in charge,ID or Mail account,Agreement of target,Comment,KCA Project group,Team,Manager name,ID or Mail account,Evaluation Responsible,ID or Mail account,DS_Evaluate or not,Result(OK/NOK),Report No.,	Number of Q-BASE,Q-BASE number,Result(OK/NOK),Comment,DC_Evaluate or not,Result(OK/NOK),Report No.,	Number of Q-BASE,Q-BASE number,Result(OK/NOK),Comment,KCA Project group,Team,Manager name,ID or Mail account,Evaluation Responsible,ID or Mail account,PFC_Evaluate or not,Confirmation first time date,Feedback timing,Result(OK/NOK),Confirmation completion date,Report No.,Number of Q-BASE,Q-BASE number,Result(OK/NOK),Confirmation completion date,Comment,KCA Project group,Team,Manager name,ID or Mail account,Evaluation Responsible,ID or Mail account,VC_Evaluate or not,Confirmation first time date,Result(OK/NOK),Confirmation completion date,Report No.,Number of Q-BASE,Q-BASE number,Result(OK/NOK),Confirmation completion date,Comment,PT1_Evaluate or not,Confirmation first time date,Result(OK/NOK),Confirmation completion date,Report No.,Number of Q-BASE,Q-BASE number,Result(OK/NOK),Confirmation completion date,Comment,PT2_Evaluate or not,Confirmation first time date,Result(OK/NOK),Confirmation completion date,Report No.,Number of Q-BASE,Q-BASE number,Result(OK/NOK),Confirmation completion date,Comment,Common or unique applied validation,Lead Company,CONF-001,CONF-002,CONF-003,CONF-004,CONF-005,CONF-006,CONF-007,CONF-008,CONF-009,CONF-010,CONF-011,CONF-012,CONF-013,CONF-014,CONF-015,CONF-016,CONF-017,CONF-018,CONF-019,CONF-020,CONF-021,CONF-022,CONF-023,CONF-024,CONF-025,CONF-026,CONF-027,CONF-028,CONF-029,CONF-030,CONF-031,CONF-032,CONF-033,CONF-034,,
,MSTR-014-0042800,,,,,,,,,,,,,,,,,,,,,,,,,,,,,,,,,,,,,,,,,,,,,,,,,,,,,関連表1_M(エアバッグ)_XR6.xlsx,,,,,,YES,,,,,,グレード選択: 最上級,YES,,,,,,グレード選択: 最上級,,,,,,,,,,,,,,,,,,関連表1_M(エアバッグ)_XR6.xlsx,,,,,,YES,,,,,,,,,グレード選択: 最上級,,,,,,,,,,,,,,,,,,,,,,,,,,,,,,,,,,,,,,,,,1,*,,,,,,,,,,,,,,,,
,MSTR-014-0042800-d0001,,,,,,,,,,,,,,,,,,,,,,,,,,,,,,,,,,,,,,,,,,,,,,,,,,,,,関連表1_M(エアバッグ)_XR6.xlsx,,,,,,YES,,,,,,グレード選択: 最上級,YES,,,,,,グレード選択: 最上級,,,,,,,,,,,,,,,,,,関連表1_M(エアバッグ)_XR6.xlsx,,,,,,YES,,,,,,,,,グレード選択: 最上級,,,,,,,,,,,,,,,,,,,,,,,,,,,,,,,,,,,,,,,,,,,,,,,,,,,,,,,1,*,,
,MSTR-014-0042900,,,,,,,,,,,,,,,,,,,,,,,,,,,,,,,,,,,,,,,,,,,,,,,,,,,,,関連表1_M(エアバッグ)_XR6.xlsx,,,,,,YES,,,,,,グレード選択: 最上級,YES,,,,,,グレード選択: 最上級,,,,,,,,,,,,,,,,,,関連表1_M(エアバッグ)_XR6.xlsx,,,,,,YES,,,,,,,,,グレード選択: 最上級,,,,,,,,,,,,,,,,,,,,,,,,,,,,,,,,,,,,,,,,,1,*,,,,,,,,,,,,,,,,
,MSTR-014-0042900-d0001,,,,,,,,,,,,,,,,,,,,,,,,,,,,,,,,,,,,,,,,,,,,,,,,,,,,,関連表1_M(エアバッグ)_XR6.xlsx,,,,,,YES,,,,,,グレード選択: 最上級,YES,,,,,,グレード選択: 最上級,,,,,,,,,,,,,,,,,,関連表1_M(エアバッグ)_XR6.xlsx,,,,,,YES,,,,,,,,,グレード選択: 最上級,,,,,,,,,,,,,,,,,,,,,,,,,,,,,,,,,,,,,,,,,,,,,,,,,,,,,,,1,*,,
,MSTR-014-0043000,,,,,,,,,,,,,,,,,,,,,,,,,,,,,,,,,,,,,,,,,,,,,,,,,,,,,関連表1_M(エアバッグ)_XR6.xlsx,,,,,,YES,,,,,,グレード選択: 最上級,YES,,,,,,グレード選択: 最上級,,,,,,,,,,,,,,,,,,関連表1_M(エアバッグ)_XR6.xlsx,,,,,,YES,,,,,,,,,グレード選択: 最上級,,,,,,,,,,,,,,,,,,,,,,,,,,,,,,,,,,,,,,,,,1,*,,,,,,,,,,,,,,,,
,MSTR-014-0043000-d0001,,,,,,,,,,,,,,,,,,,,,,,,,,,,,,,,,,,,,,,,,,,,,,,,,,,,,関連表1_M(エアバッグ)_XR6.xlsx,,,,,,YES,,,,,,グレード選択: 最上級,YES,,,,,,グレード選択: 最上級,,,,,,,,,,,,,,,,,,関連表1_M(エアバッグ)_XR6.xlsx,,,,,,YES,,,,,,,,,グレード選択: 最上級,,,,,,,,,,,,,,,,,,,,,,,,,,,,,,,,,,,,,,,,,,,,,,,,,,,,,,,1,*,,
,MSTR-014-0043100,,,,,,,,,,,,,,,,,,,,,,,,,,,,,,,,,,,,,,,,,,,,,,,,,,,,,関連表1_M(エアバッグ)_XR6.xlsx,,,,,,YES,,,,,,グレード選択: 最上級,YES,,,,,,グレード選択: 最上級,,,,,,,,,,,,,,,,,,関連表1_M(エアバッグ)_XR6.xlsx,,,,,,YES,,,,,,,,,グレード選択: 最上級,,,,,,,,,,,,,,,,,,,,,,,,,,,,,,,,,,,,,,,,,1,*,,,,,,,,,,,,,,,,
,MSTR-014-0043100-d0001,,,,,,,,,,,,,,,,,,,,,,,,,,,,,,,,,,,,,,,,,,,,,,,,,,,,,関連表1_M(エアバッグ)_XR6.xlsx,,,,,,YES,,,,,,グレード選択: 最上級,YES,,,,,,グレード選択: 最上級,,,,,,,,,,,,,,,,,,関連表1_M(エアバッグ)_XR6.xlsx,,,,,,YES,,,,,,,,,グレード選択: 最上級,,,,,,,,,,,,,,,,,,,,,,,,,,,,,,,,,,,,,,,,,,,,,,,,,,,,,,,1,*,,
,MSTR-014-0043200,,,,,,,,,,,,,,,,,,,,,,,,,,,,,,,,,,,,,,,,,,,,,,,,,,,,,関連表1_M(エアバッグ)_XR6.xlsx,,,,,,YES,,,,,,グレード選択: 最上級,YES,,,,,,グレード選択: 最上級,,,,,,,,,,,,,,,,,,関連表1_M(エアバッグ)_XR6.xlsx,,,,,,YES,,,,,,,,,グレード選択: 最上級,,,,,,,,,,,,,,,,,,,,,,,,,,,,,,,,,,,,,,,,,1,*,,,,,,,,,,,,,,,,
,MSTR-014-0043200-d0001,,,,,,,,,,,,,,,,,,,,,,,,,,,,,,,,,,,,,,,,,,,,,,,,,,,,,関連表1_M(エアバッグ)_XR6.xlsx,,,,,,YES,,,,,,グレード選択: 最上級,YES,,,,,,グレード選択: 最上級,,,,,,,,,,,,,,,,,,関連表1_M(エアバッグ)_XR6.xlsx,,,,,,YES,,,,,,,,,グレード選択: 最上級,,,,,,,,,,,,,,,,,,,,,,,,,,,,,,,,,,,,,,,,,,,,,,,,,,,,,,,1,*,,
,MSTR-014-0043300,,,,,,,,,,,,,,,,,,,,,,,,,,,,,,,,,,,,,,,,,,,,,,,,,,,,,関連表1_M(エアバッグ)_XR6.xlsx,,,,,,YES,,,,,,グレード選択: 最上級,YES,,,,,,グレード選択: 最上級,,,,,,,,,,,,,,,,,,関連表1_M(エアバッグ)_XR6.xlsx,,,,,,YES,,,,,,,,,グレード選択: 最上級,,,,,,,,,,,,,,,,,,,,,,,,,,,,,,,,,,,,,,,,,1,*,,,,,,,,,,,,,,,,
,MSTR-014-0043300-d0001,,,,,,,,,,,,,,,,,,,,,,,,,,,,,,,,,,,,,,,,,,,,,,,,,,,,,関連表1_M(エアバッグ)_XR6.xlsx,,,,,,YES,,,,,,グレード選択: 最上級,YES,,,,,,グレード選択: 最上級,,,,,,,,,,,,,,,,,,関連表1_M(エアバッグ)_XR6.xlsx,,,,,,YES,,,,,,,,,グレード選択: 最上級,,,,,,,,,,,,,,,,,,,,,,,,,,,,,,,,,,,,,,,,,,,,,,,,,,,,,,,1,*,,
,MSTR-014-0043400,,,,,,,,,,,,,,,,,,,,,,,,,,,,,,,,,,,,,,,,,,,,,,,,,,,,,関連表1_M(エアバッグ)_XR6.xlsx,,,,,,YES,,,,,,グレード選択: 最上級,YES,,,,,,グレード選択: 最上級,,,,,,,,,,,,,,,,,,関連表1_M(エアバッグ)_XR6.xlsx,,,,,,YES,,,,,,,,,グレード選択: 最上級,,,,,,,,,,,,,,,,,,,,,,,,,,,,,,,,,,,,,,,,,1,*,,,,,,,,,,,,,,,,
,MSTR-014-0043400-d0001,,,,,,,,,,,,,,,,,,,,,,,,,,,,,,,,,,,,,,,,,,,,,,,,,,,,,関連表1_M(エアバッグ)_XR6.xlsx,,,,,,YES,,,,,,グレード選択: 最上級,YES,,,,,,グレード選択: 最上級,,,,,,,,,,,,,,,,,,関連表1_M(エアバッグ)_XR6.xlsx,,,,,,YES,,,,,,,,,グレード選択: 最上級,,,,,,,,,,,,,,,,,,,,,,,,,,,,,,,,,,,,,,,,,,,,,,,,,,,,,,,1,*,,
,MSTR-014-0043500,,,,,,,,,,,,,,,,,,,,,,,,,,,,,,,,,,,,,,,,,,,,,,,,,,,,,関連表1_M(エアバッグ)_XR6.xlsx,,,,,,YES,,,,,,グレード選択: 最上級,YES,,,,,,グレード選択: 最上級,,,,,,,,,,,,,,,,,,関連表1_M(エアバッグ)_XR6.xlsx,,,,,,YES,,,,,,,,,グレード選択: 最上級,,,,,,,,,,,,,,,,,,,,,,,,,,,,,,,,,,,,,,,,,1,*,,,,,,,,,,,,,,,,
,MSTR-014-0043500-d0001,,,,,,,,,,,,,,,,,,,,,,,,,,,,,,,,,,,,,,,,,,,,,,,,,,,,,関連表1_M(エアバッグ)_XR6.xlsx,,,,,,YES,,,,,,グレード選択: 最上級,YES,,,,,,グレード選択: 最上級,,,,,,,,,,,,,,,,,,関連表1_M(エアバッグ)_XR6.xlsx,,,,,,YES,,,,,,,,,グレード選択: 最上級,,,,,,,,,,,,,,,,,,,,,,,,,,,,,,,,,,,,,,,,,,,,,,,,,,,,,,,1,*,,
,MSTR-014-0044700,,,,,,,,,,,,,,,,,,,,,,,,,,,,,,,,,,,,,,,,,,,,,,,,,,,,,関連表1_M(乗員判別)_XR6.xlsx,,,,,,YES,,,,,,,YES,,,,,,,,,,,,,,,,,,,,,,,,関連表1_M(乗員判別)_XR6.xlsx,,,,,,YES,,,,,,,,,,YES,,,,,,,,,,,,,,,,,,,,,,1,*,*,*,*,*,*,*,*,*,*,*,*,*,*,*,*,*,*,*,*,*,*,*,*,*,*,*,*,*,*,*,*,*,,
,MSTR-014-0053200,,,,,,,,,,,,,,,,,,,,,,,,,,,,,,,,,,,,,,,,,,,,,,,,,,,,,,,,,,,,,,,,,,,,,,,,,,,,,,,,,,,,,,,,,,関連表1_A(視界性能)_XR6.xlsx,,,,,,YES,,,,,,,,,outside mirror: electrrical adjustment + manual folding,,,,,,,,,,,,,,,,,,,,,,,1,*,*,*,*,*,*,*,,,,,*,*,*,*,,,,,,,,,,,,,,,,,,,,
,MSTR-014-0053200-d0001,,,,,,,,,,,,,,,,,,,,,,,,,,,,,,,,,,,,,,,,,,,,,,,,,,,,,,,,,,,,,,,,,,,,,,,,,,,,,,,,,,,,,,,,,,関連表1_A(視界性能)_XR6.xlsx,,,,,,YES,,,,,,,,,outside mirror: electrrical adjustment + manual folding + heated,,,,,,,,,,,,,,,,,,,,,,,,,,,,,,,1,*,*,*,,,,,*,*,*,*,*,*,*,*,*,*,*,*,*,*,*,*,*,*,,
,MSTR-014-0053400,,,,,,,,,,,,,,,,,,,,,,,,,,,,,,,,,,,,,,,,,,,,,,,,,,,,,,,,,,,,,,,,,,,,,,,,,,,,,,,,,,,,,,,,,,関連表1_A(視界性能)_XR6.xlsx,,,,,,YES,,,,,,,,,outside mirror: electrrical adjustment + manual folding,,,,,,,,,,,,,,,,,,,,,,,1,*,*,*,*,*,*,*,,,,,*,*,*,*,,,,,,,,,,,,,,,,,,,,
,MSTR-014-0053400-d0001,,,,,,,,,,,,,,,,,,,,,,,,,,,,,,,,,,,,,,,,,,,,,,,,,,,,,,,,,,,,,,,,,,,,,,,,,,,,,,,,,,,,,,,,,,関連表1_A(視界性能)_XR6.xlsx,,,,,,YES,,,,,,,,,outside mirror: electrrical adjustment + manual folding + heated,,,,,,,,,,,,,,,,,,,,,,,,,,,,,,,1,*,*,*,,,,,*,*,*,*,*,*,*,*,*,*,*,*,*,*,*,*,*,*,,
,MSTR-014-0053600,,,,,,,,,,,,,,,,,,,,,,,,,,,,,,,,,,,,,,,,,,,,,,,,,,,,,関連表1_A(視界性能)_XR6.xlsx,,,,,,YES,,,,,,outside mirror: electrrical adjustment + manual folding,YES,,,,,,outside mirror: electrrical adjustment + manual folding,,,,,,,,,,,,,,,,,,関連表1_A(視界性能)_XR6.xlsx,,,,,,YES,,,,,,,,,outside mirror: electrrical adjustment + manual folding,,,,,,,,,,,,,,,,,,,,,,,1,*,*,*,*,*,*,*,,,,,*,*,*,*,,,,,,,,,,,,,,,,,,,,
,MSTR-014-0053600-d0001,,,,,,,,,,,,,,,,,,,,,,,,,,,,,,,,,,,,,,,,,,,,,,,,,,,,,関連表1_A(視界性能)_XR6.xlsx,,,,,,YES,,,,,,outside mirror: electrrical adjustment + manual folding + heated,YES,,,,,,outside mirror: electrrical adjustment + manual folding + heated,,,,,,,,,,,,,,,,,,関連表1_A(視界性能)_XR6.xlsx,,,,,,YES,,,,,,,,,outside mirror: electrrical adjustment + manual folding + heated,,,,,,,,,,,,,,,,,,,,,,,,,,,,,,,1,*,*,*,,,,,*,*,*,*,*,*,*,*,*,*,*,*,*,*,*,*,*,*,,
,MSTR-014-0053700,,,,,,,,,,,,,,,,,,,,,,,,,,,,,,,,,,,,,,,,,,,,,,,,,,,,,,,,,,,,,,,,,,,,,,,,,,,,,,,,,,,,,,,,,,関連表1_A(視界性能)_XR6.xlsx,,,,,,YES,,,,,,,,,outside mirror: electrrical adjustment + manual folding,,,,,,,,,,,,,,,,,,,,,,,1,*,*,*,*,*,*,*,,,,,*,*,*,*,,,,,,,,,,,,,,,,,,,,
,MSTR-014-0053700-d0001,,,,,,,,,,,,,,,,,,,,,,,,,,,,,,,,,,,,,,,,,,,,,,,,,,,,,,,,,,,,,,,,,,,,,,,,,,,,,,,,,,,,,,,,,,関連表1_A(視界性能)_XR6.xlsx,,,,,,YES,,,,,,,,,outside mirror: electrrical adjustment + manual folding + heated,,,,,,,,,,,,,,,,,,,,,,,,,,,,,,,1,*,*,*,,,,,*,*,*,*,*,*,*,*,*,*,*,*,*,*,*,*,*,*,,
,MSTR-014-0053800,,,,,,,,,,,,,,,,,,,,,,,,,,,,,,,,,,,,,,,,,,,,,,,,,,,,,,,,,,,,,,,,,,,,,,,,,,,,,,,,,,,,,,,,,,関連表1_A(視界性能)_XR6.xlsx,,,,,,YES,,,,,,,,,outside mirror: electrrical adjustment + manual folding,,,,,,,,,,,,,,,,,,,,,,,1,*,*,*,*,*,*,*,,,,,*,*,*,*,,,,,,,,,,,,,,,,,,,,
,MSTR-014-0053800-d0001,,,,,,,,,,,,,,,,,,,,,,,,,,,,,,,,,,,,,,,,,,,,,,,,,,,,,,,,,,,,,,,,,,,,,,,,,,,,,,,,,,,,,,,,,,関連表1_A(視界性能)_XR6.xlsx,,,,,,YES,,,,,,,,,outside mirror: electrrical adjustment + manual folding + heated,,,,,,,,,,,,,,,,,,,,,,,,,,,,,,,1,*,*,*,,,,,*,*,*,*,*,*,*,*,*,*,*,*,*,*,*,*,*,*,,
,MSTR-014-0054000,,,,,,,,,,,,,,,,,,,,,,,,,,,,,,,,,,,,,,,,,,,,,,,,,,,,,,,,,,,,,,,,,,,,,,,,,,,,,,,,,,,,,,,,,,関連表1_A(視界性能)_XR6.xlsx,,,,,,YES,,,,,,,,,outside mirror: electrrical adjustment + manual folding,,,,,,,,,,,,,,,,,,,,,,,1,*,*,*,*,*,*,*,,,,,*,*,*,*,,,,,,,,,,,,,,,,,,,,
,MSTR-014-0054000-d0001,,,,,,,,,,,,,,,,,,,,,,,,,,,,,,,,,,,,,,,,,,,,,,,,,,,,,,,,,,,,,,,,,,,,,,,,,,,,,,,,,,,,,,,,,,関連表1_A(視界性能)_XR6.xlsx,,,,,,YES,,,,,,,,,outside mirror: electrrical adjustment + manual folding + heated,,,,,,,,,,,,,,,,,,,,,,,,,,,,,,,1,*,*,*,,,,,*,*,*,*,*,*,*,*,*,*,*,*,*,*,*,*,*,*,,
,MSTR-014-0054100,,,,,,,,,,,,,,,,,,,,,,,,,,,,,,,,,,,,,,,,,,,,,,,,,,,,,,,,,,,,,,,,,,,,,,,,,,,,,,,,,,,,,,,,,,関連表1_A(視界性能)_XR6.xlsx,,,,,,YES,,,,,,,,,outside mirror: electrrical adjustment + manual folding,,,,,,,,,,,,,,,,,,,,,,,1,*,*,*,*,*,*,*,,,,,*,*,*,*,,,,,,,,,,,,,,,,,,,,
,MSTR-014-0054100-d0001,,,,,,,,,,,,,,,,,,,,,,,,,,,,,,,,,,,,,,,,,,,,,,,,,,,,,,,,,,,,,,,,,,,,,,,,,,,,,,,,,,,,,,,,,,関連表1_A(視界性能)_XR6.xlsx,,,,,,YES,,,,,,,,,outside mirror: electrrical adjustment + manual folding + heated,,,,,,,,,,,,,,,,,,,,,,,,,,,,,,,1,*,*,*,,,,,*,*,*,*,*,*,*,*,*,*,*,*,*,*,*,*,*,*,,
,MSTR-014-0054200,,,,,,,,,,,,,,,,,,,,,,,,,,,,,,,,,,,,,,,,,,,,,,,,,,,,,,,,,,,,,,,,,,,,,,,,,,,,,,,,,,,,,,,,,,関連表1_A(視界性能)_XR6.xlsx,,,,,,YES,,,,,,,,,"room mirror / rear visibility: s2, srvm: w",,,,,,,,,,,,,,,,,,,,,,,,,,,,,,,1,*,*,*,,,,,*,*,*,*,,,,,*,*,*,*,,,*,*,*,*,,
,MSTR-014-0054400,,,,,,,,,,,,,,,,,,,,,,,,,,,,,,,,,,,,,,,,,,,,,,,,,,,,,,,,,,,,,,,,,,,,,,,,,,,,,,,,,,,,,,,,,,関連表1_A(視界性能)_XR6.xlsx,,,,,,YES,,,,,,,,,"room mirror / rear visibility: s2, srvm: w",,,,,,,,,,,,,,,,,,,,,,,,,,,,,,,1,*,*,*,,,,,*,*,*,*,,,,,*,*,*,*,,,*,*,*,*,,
,MSTR-014-0054600,,,,,,,,,,,,,,,,,,,,,,,,,,,,,,,,,,,,,,,,,,,,,,,,,,,,,関連表1_A(視界性能)_XR6.xlsx,,,,,,YES,,,,,,"room mirror / rear visibility: s2, srvm: w",YES,,,,,,"room mirror / rear visibility: s2, srvm: w",,,,,,,,,,,,,,,,,,関連表1_A(視界性能)_XR6.xlsx,,,,,,YES,,,,,,,,,"room mirror / rear visibility: s2, srvm: w",,,,,,,,,,,,,,,,,,,,,,,,,,,,,,,1,*,*,*,,,,,*,*,*,*,,,,,*,*,*,*,,,*,*,*,*,,
,MSTR-014-0054700,,,,,,,,,,,,,,,,,,,,,,,,,,,,,,,,,,,,,,,,,,,,,,,,,,,,,,,,,,,,,,,,,,,,,,,,,,,,,,,,,,,,,,,,,,関連表1_A(視界性能)_XR6.xlsx,,,,,,YES,,,,,,,,,"room mirror / rear visibility: s2, srvm: w",,,,,,,,,,,,,,,,,,,,,,,,,,,,,,,1,*,*,*,,,,,*,*,*,*,,,,,*,*,*,*,,,*,*,*,*,,
,MSTR-014-0054800,,,,,,,,,,,,,,,,,,,,,,,,,,,,,,,,,,,,,,,,,,,,,,,,,,,,,,,,,,,,,,,,,,,,,,,,,,,,,,,,,,,,,,,,,,関連表1_A(視界性能)_XR6.xlsx,,,,,,YES,,,,,,,,,"room mirror / rear visibility: s2, srvm: w",,,,,,,,,,,,,,,,,,,,,,,,,,,,,,,1,*,*,*,,,,,*,*,*,*,,,,,*,*,*,*,,,*,*,*,*,,
,MSTR-014-0055100,,,,,,,,,,,,,,,,,,,,,,,,,,,,,,,,,,,,,,,,,,,,,,,,,,,,,,,,,,,,,,,,,,,,,,,,,,,,,,,,,,,,,,,,,,関連表1_A(視界性能)_XR6.xlsx,,,,,,YES,,,,,,,,,srvm: w,,,,,,,,,,,,,,,,,,,,,,,,,,,,,,,1,*,*,*,,,,,*,*,*,*,,,,,*,*,*,*,,,*,*,*,*,,
,MSTR-014-0055200,,,,,,,,,,,,,,,,,,,,,,,,,,,,,,,,,,,,,,,,,,,,,,,,,,,,,,,,,,,,,,,,,,,,,,,,,,,,,,,,,,,,,,,,,,関連表1_A(視界性能)_XR6.xlsx,,,,,,YES,,,,,,,,,srvm: w,,,,,,,,,,,,,,,,,,,,,,,,,,,,,,,1,*,*,*,,,,,*,*,*,*,,,,,*,*,*,*,,,*,*,*,*,,
,MSTR-014-0055300,,,,,,,,,,,,,,,,,,,,,,,,,,,,,,,,,,,,,,,,,,,,,,,,,,,,,,,,,,,,,,,,,,,,,,,,,,,,,,,,,,,,,,,,,,関連表1_A(視界性能)_XR6.xlsx,,,,,,YES,,,,,,,,,srvm: w,,,,,,,,,,,,,,,,,,,,,,,,,,,,,,,1,*,*,*,,,,,*,*,*,*,,,,,*,*,*,*,,,*,*,*,*,,
,MSTR-014-0055400,,,,,,,,,,,,,,,,,,,,,,,,,,,,,,,,,,,,,,,,,,,,,,,,,,,,,,,,,,,,,,,,,,,,,,,,,,,,,,,,,,,,,,,,,,関連表1_A(視界性能)_XR6.xlsx,,,,,,YES,,,,,,,,,srvm: w,,,,,,,,,,,,,,,,,,,,,,,,,,,,,,,1,*,*,*,,,,,*,*,*,*,,,,,*,*,*,*,,,*,*,*,*,,
,MSTR-014-0055500,,,,,,,,,,,,,,,,,,,,,,,,,,,,,,,,,,,,,,,,,,,,,,,,,,,,,,,,,,,,,,,,,,,,,,,,,,,,,,,,,,,,,,,,,,関連表1_A(視界性能)_XR6.xlsx,,,,,,YES,,,,,,,,,,,,,,,,,,,,,,,,,,,,,,,,,,,,,,,,,,,,,,,,,,,,,,,,,,,,,,,,,,要望仕様が存在しない,UNDER MIRROR: W
,MSTR-014-0055600,,,,,,,,,,,,,,,,,,,,,,,,,,,,,,,,,,,,,,,,,,,,,,,,,,,,,,,,,,,,,,,,,,,,,,,,,,,,,,,,,,,,,,,,,,関連表1_A(視界性能)_XR6.xlsx,,,,,,YES,,,,,,,,,,,,,,,,,,,,,,,,,,,,,,,,,,,,,,,,,,,,,,,,,,,,,,,,,,,,,,,,,,要望仕様が存在しない,UNDER MIRROR: W
,MSTR-014-0056200,,,,,,,,,,,,,,,,,,,,,,,,,,,,,,,,,,,,,,,,,,,,,,,,,,,,,,,,,,,,,,,,,,,,,,,,,,,,,,,,,,,,,,,,,,関連表1_A(視界性能)_XR6.xlsx,,,,,,YES,,,,,,,,,"rear view camera: w/o, around view monitor: w/o",,,,,,,,,,,,,,,,,,,,,,,1,*,*,*,*,*,*,*,*,*,*,*,*,*,*,*,*,*,*,*,*,*,*,*,*,*,*,*,*,*,*,*,*,*,,
,MSTR-014-0056300,,,,,,,,,,,,,,,,,,,,,,,,,,,,,,,,,,,,,,,,,,,,,,,,,,,,,,,,,,,,,,,,,,,,,,,,,,,,,,,,,,,,,,,,,,関連表1_A(視界性能)_XR6.xlsx,,,,,,YES,,,,,,,,,"rear view camera: w/o, around view monitor: w/o",,,,,,,,,,,,,,,,,,,,,,,1,*,*,*,*,*,*,*,*,*,*,*,*,*,*,*,*,*,*,*,*,*,*,*,*,*,*,*,*,*,*,*,*,*,,
,MSTR-014-0056500,,,,,,,,,,,,,,,,,,,,,,,,,,,,,,,,,,,,,,,,,,,,,,,,,,,,,,,,,,,,,,,,,,,,,,,,,,,,,,,,,,,,,,,,,,関連表1_A(視界性能)_XR6.xlsx,,,,,,YES,,,,,,,,,horn: s1,,,,,,,,,,,,,,,,,,,,,,,1,*,*,*,*,*,*,*,*,*,*,*,*,*,*,*,*,*,*,*,*,*,*,*,*,*,*,*,*,*,*,*,*,*,,
,MSTR-014-0056900,,,,,,,,,,,,,,,,,,,,,,,,,,,,,,,,,,,,,,,,,,,,,,,,,,,,,,,,,,,,,,,,,,,,,,,,,,,,,,,,,,,,,,,,,,関連表1_A(視界性能)_XR6.xlsx,,,,,,YES,,,,,,,,,horn: s1,,,,,,,,,,,,,,,,,,,,,,,1,*,*,*,*,*,*,*,*,*,*,*,*,*,*,*,*,*,*,*,*,*,*,*,*,*,*,*,*,*,*,*,*,*,,
,MSTR-014-0057000,,,,,,,,,,,,,,,,,,,,,,,,,,,,,,,,,,,,,,,,,,,,,,,,,,,,,,,,,,,,,,,,,,,,,,,,,,,,,,,,,,,,,,,,,,関連表1_A(視界性能)_XR6.xlsx,,,,,,YES,,,,,,,,,horn: s1,,,,,,,,,,,,,,,,,,,,,,,1,*,*,*,*,*,*,*,*,*,*,*,*,*,*,*,*,*,*,*,*,*,*,*,*,*,*,*,*,*,*,*,*,*,,
,MSTR-014-0057200,,,,,,,,,,,,,,,,,,,,,,,,,,,,,,,,,,,,,,,,,,,,,,,,,,,,,関連表1_A(視界性能)_XR6.xlsx,,,,,,YES,,,,,,front windscreen wiper: w/o,YES,,,,,,front windscreen wiper: w/o,,,,,,,,,,,,,,,,,,関連表1_A(視界性能)_XR6.xlsx,,,,,,YES,,,,,,,,,front windscreen wiper: w/o,,,,,,,,,,,,,,,,,,,,,,,1,*,*,*,*,*,*,*,*,*,*,*,*,*,*,*,*,*,*,*,*,*,*,*,*,*,*,*,*,*,*,*,*,*,,
,MSTR-014-0057300,,,,,,,,,,,,,,,,,,,,,,,,,,,,,,,,,,,,,,,,,,,,,,,,,,,,,関連表1_A(視界性能)_XR6.xlsx,,,,,,YES,,,,,,front windscreen wiper: w/o,YES,,,,,,front windscreen wiper: w/o,,,,,,,,,,,,,,,,,,関連表1_A(視界性能)_XR6.xlsx,,,,,,YES,,,,,,,,,front windscreen wiper: w/o,,,,,,,,,,,,,,,,,,,,,,,1,*,*,*,*,*,*,*,*,*,*,*,*,*,*,*,*,*,*,*,*,*,*,*,*,*,*,*,*,*,*,*,*,*,,
,MSTR-014-0057400,,,,,,,,,,,,,,,,,,,,,,,,,,,,,,,,,,,,,,,,,,,,,,,,,,,,,,,,,,,,,,,,,,,,,,,,,,,,,,,,,,,,,,,,,,関連表1_A(視界性能)_XR6.xlsx,,,,,,YES,,,,,,,,,front windscreen wiper: w/o,,,,,,,,,,,,,,,,,,,,,,,1,*,*,*,*,*,*,*,*,*,*,*,*,*,*,*,*,*,*,*,*,*,*,*,*,*,*,*,*,*,*,*,*,*,,
,MSTR-014-0057500,,,,,,,,,,,,,,,,,,,,,,,,,,,,,,,,,,,,,,,,,,,,,,,,,,,,,,,,,,,,,,,,,,,,,,,,,,,,,,,,,,,,,,,,,,関連表1_A(視界性能)_XR6.xlsx,,,,,,YES,,,,,,,,,front windscreen wiper: w/o,,,,,,,,,,,,,,,,,,,,,,,1,*,*,*,*,*,*,*,*,*,*,*,*,*,*,*,*,*,*,*,*,*,*,*,*,*,*,*,*,*,*,*,*,*,,
,MSTR-014-0057600,,,,,,,,,,,,,,,,,,,,,,,,,,,,,,,,,,,,,,,,,,,,,,,,,,,,,,,,,,,,,,,,,,,,,,,,,,,,,,,,,,,,,,,,,,関連表1_A(視界性能)_XR6.xlsx,,,,,,YES,,,,,,,,,front windscreen wiper: w/o,,,,,,,,,,,,,,,,,,,,,,,1,*,*,*,*,*,*,*,*,*,*,*,*,*,*,*,*,*,*,*,*,*,*,*,*,*,*,*,*,*,*,*,*,*,,
,MSTR-014-0057700,,,,,,,,,,,,,,,,,,,,,,,,,,,,,,,,,,,,,,,,,,,,,,,,,,,,,,,,,,,,,,,,,,,,,,,,,,,,,,,,,,,,,,,,,,関連表1_A(視界性能)_XR6.xlsx,,,,,,YES,,,,,,,,,front windscreen wiper: w/o,,,,,,,,,,,,,,,,,,,,,,,1,*,*,*,*,*,*,*,*,*,*,*,*,*,*,*,*,*,*,*,*,*,*,*,*,*,*,*,*,*,*,*,*,*,,
,MSTR-014-0058000,,,,,,,,,,,,,,,,,,,,,,,,,,,,,,,,,,,,,,,,,,,,,,,,,,,,,,,,,,,,,,,,,,,,,,,,,,,,,,,,,,,,,,,,,,関連表1_A(視界性能)_XR6.xlsx,,,,,,YES,,,,,,,,,front windscreen wiper: w/o,,,,,,,,,,,,,,,,,,,,,,,1,*,*,*,*,*,*,*,*,*,*,*,*,*,*,*,*,*,*,*,*,*,*,*,*,*,*,*,*,*,*,*,*,*,,
,MSTR-014-0058100,,,,,,,,,,,,,,,,,,,,,,,,,,,,,,,,,,,,,,,,,,,,,,,,,,,,,,,,,,,,,,,,,,,,,,,,,,,,,,,,,,,,,,,,,,関連表1_A(視界性能)_XR6.xlsx,,,,,,YES,,,,,,,,,front windscreen wiper: w/o,,,,,,,,,,,,,,,,,,,,,,,1,*,*,*,*,*,*,*,*,*,*,*,*,*,*,*,*,*,*,*,*,*,*,*,*,*,*,*,*,*,*,*,*,*,,
,MSTR-014-0058200,,,,,,,,,,,,,,,,,,,,,,,,,,,,,,,,,,,,,,,,,,,,,,,,,,,,,,,,,,,,,,,,,,,,,,,,,,,,,,,,,,,,,,,,,,関連表1_A(視界性能)_XR6.xlsx,,,,,,YES,,,,,,,,,front windoscreen heater: w,,,,,,,,,,,,,,,,,,,,,,,1,*,*,*,*,*,*,*,*,*,*,*,*,*,*,*,*,*,*,*,*,*,*,*,*,*,*,*,*,*,*,*,*,*,,
,MSTR-014-0058300,,,,,,,,,,,,,,,,,,,,,,,,,,,,,,,,,,,,,,,,,,,,,,,,,,,,,,,,,,,,,,,,,,,,,,,,,,,,,,,,,,,,,,,,,,関連表1_A(視界性能)_XR6.xlsx,,,,,,YES,,,,,,,,,front windscreen wiper: w/o,,,,,,,,,,,,,,,,,,,,,,,1,*,*,*,*,*,*,*,*,*,*,*,*,*,*,*,*,*,*,*,*,*,*,*,*,*,*,*,*,*,*,*,*,*,,
,MSTR-014-0058400,,,,,,,,,,,,,,,,,,,,,,,,,,,,,,,,,,,,,,,,,,,,,,,,,,,,,関連表1_A(視界性能)_XR6.xlsx,,,,,,YES,,,,,,front windscreen wiper: w/o,YES,,,,,,front windscreen wiper: w/o,,,,,,,,,,,,,,,,,,関連表1_A(視界性能)_XR6.xlsx,,,,,,YES,,,,,,,,,front windscreen wiper: w/o,,,,,,,,,,,,,,,,,,,,,,,1,*,*,*,*,*,*,*,*,*,*,*,*,*,*,*,*,*,*,*,*,*,*,*,*,*,*,*,*,*,*,*,*,*,,
,MSTR-014-0058500,,,,,,,,,,,,,,,,,,,,,,,,,,,,,,,,,,,,,,,,,,,,,,,,,,,,,,,,,,,,,,,,,,,,,,,,,,,,,,,,,,,,,,,,,,関連表1_A(視界性能)_XR6.xlsx,,,,,,YES,,,,,,,,,front windscreen wiper: w/o,,,,,,,,,,,,,,,,,,,,,,,1,*,*,*,*,*,*,*,*,*,*,*,*,*,*,*,*,*,*,*,*,*,*,*,*,*,*,*,*,*,*,*,*,*,,
,MSTR-014-0058800,,,,,,,,,,,,,,,,,,,,,,,,,,,,,,,,,,,,,,,,,,,,,,,,,,,,,,,,,,,,,,,,,,,,,,,,,,,,,,,,,,,,,,,,,,関連表1_A(視界性能)_XR6.xlsx,,,,,,YES,,,,,,,,,front windscreen wiper: w/o,,,,,,,,,,,,,,,,,,,,,,,1,*,*,*,*,*,*,*,*,*,*,*,*,*,*,*,*,*,*,*,*,*,*,*,*,*,*,*,*,*,*,*,*,*,,
,MSTR-014-0058900,,,,,,,,,,,,,,,,,,,,,,,,,,,,,,,,,,,,,,,,,,,,,,,,,,,,,,,,,,,,,,,,,,,,,,,,,,,,,,,,,,,,,,,,,,関連表1_A(視界性能)_XR6.xlsx,,,,,,YES,,,,,,,,,front windscreen wiper: w/o,,,,,,,,,,,,,,,,,,,,,,,1,*,*,*,*,*,*,*,*,*,*,*,*,*,*,*,*,*,*,*,*,*,*,*,*,*,*,*,*,*,*,*,*,*,,
,MSTR-014-0059000,,,,,,,,,,,,,,,,,,,,,,,,,,,,,,,,,,,,,,,,,,,,,,,,,,,,,,,,,,,,,,,,,,,,,,,,,,,,,,,,,,,,,,,,,,関連表1_A(視界性能)_XR6.xlsx,,,,,,YES,,,,,,,,,,,,,,,,,,,,,,,,,,,,,,,,,,,,,,,,,,,,,,,,,,,,,,,,,,,,,,,,,,要望仕様が存在しない,REAR SCREEN WIPER: W
,MSTR-014-0059100,,,,,,,,,,,,,,,,,,,,,,,,,,,,,,,,,,,,,,,,,,,,,,,,,,,,,,,,,,,,,,,,,,,,,,,,,,,,,,,,,,,,,,,,,,関連表1_A(視界性能)_XR6.xlsx,,,,,,YES,,,,,,,,,,,,,,,,,,,,,,,,,,,,,,,,,,,,,,,,,,,,,,,,,,,,,,,,,,,,,,,,,,要望仕様が存在しない,REAR SCREEN WIPER: W
,MSTR-014-0059200,,,,,,,,,,,,,,,,,,,,,,,,,,,,,,,,,,,,,,,,,,,,,,,,,,,,,,,,,,,,,,,,,,,,,,,,,,,,,,,,,,,,,,,,,,関連表1_A(視界性能)_XR6.xlsx,,,,,,YES,,,,,,,,,,,,,,,,,,,,,,,,,,,,,,,,,,,,,,,,,,,,,,,,,,,,,,,,,,,,,,,,,,要望仕様が存在しない,REAR SCREEN WIPER: W
,MSTR-014-0059300,,,,,,,,,,,,,,,,,,,,,,,,,,,,,,,,,,,,,,,,,,,,,,,,,,,,,,,,,,,,,,,,,,,,,,,,,,,,,,,,,,,,,,,,,,関連表1_A(視界性能)_XR6.xlsx,,,,,,YES,,,,,,,,,,,,,,,,,,,,,,,,,,,,,,,,,,,,,,,,,,,,,,,,,,,,,,,,,,,,,,,,,,要望仕様が存在しない,REAR SCREEN WIPER: W
,MSTR-014-0059400,,,,,,,,,,,,,,,,,,,,,,,,,,,,,,,,,,,,,,,,,,,,,,,,,,,,,,,,,,,,,,,,,,,,,,,,,,,,,,,,,,,,,,,,,,関連表1_A(視界性能)_XR6.xlsx,,,,,,YES,,,,,,,,,,,,,,,,,,,,,,,,,,,,,,,,,,,,,,,,,,,,,,,,,,,,,,,,,,,,,,,,,,要望仕様が存在しない,REAR SCREEN WIPER: W
,MSTR-014-0059500,,,,,,,,,,,,,,,,,,,,,,,,,,,,,,,,,,,,,,,,,,,,,,,,,,,,,,,,,,,,,,,,,,,,,,,,,,,,,,,,,,,,,,,,,,関連表1_A(視界性能)_XR6.xlsx,,,,,,YES,,,,,,,,,,,,,,,,,,,,,,,,,,,,,,,,,,,,,,,,,,,,,,,,,,,,,,,,,,,,,,,,,,要望仕様が存在しない,REAR SCREEN WIPER: W
,MSTR-014-0059800,,,,,,,,,,,,,,,,,,,,,,,,,,,,,,,,,,,,,,,,,,,,,,,,,,,,,,,,,,,,,,,,,,,,,,,,,,,,,,,,,,,,,,,,,,関連表1_A(視界性能)_XR6.xlsx,,,,,,YES,,,,,,,,,,,,,,,,,,,,,,,,,,,,,,,,,,,,,,,,,,,,,,,,,,,,,,,,,,,,,,,,,,要望仕様が存在しない,REAR SCREEN WIPER: W
,MSTR-014-0059900,,,,,,,,,,,,,,,,,,,,,,,,,,,,,,,,,,,,,,,,,,,,,,,,,,,,,,,,,,,,,,,,,,,,,,,,,,,,,,,,,,,,,,,,,,関連表1_A(視界性能)_XR6.xlsx,,,,,,YES,,,,,,,,,front windscreen wiper: w/o,,,,,,,,,,,,,,,,,,,,,,,1,*,*,*,*,*,*,*,*,*,*,*,*,*,*,*,*,*,*,*,*,*,*,*,*,*,*,*,*,*,*,*,*,*,,
,MSTR-014-0060000,,,,,,,,,,,,,,,,,,,,,,,,,,,,,,,,,,,,,,,,,,,,,,,,,,,,,,,,,,,,,,,,,,,,,,,,,,,,,,,,,,,,,,,,,,関連表1_A(視界性能)_XR6.xlsx,,,,,,YES,,,,,,,,,front windscreen wiper: w/o,,,,,,,,,,,,,,,,,,,,,,,1,*,*,*,*,*,*,*,*,*,*,*,*,*,*,*,*,*,*,*,*,*,*,*,*,*,*,*,*,*,*,*,*,*,,
,MSTR-014-0060100,,,,,,,,,,,,,,,,,,,,,,,,,,,,,,,,,,,,,,,,,,,,,,,,,,,,,,,,,,,,,,,,,,,,,,,,,,,,,,,,,,,,,,,,,,関連表1_A(視界性能)_XR6.xlsx,,,,,,YES,,,,,,,,,front windscreen wiper: w/o,,,,,,,,,,,,,,,,,,,,,,,1,*,*,*,*,*,*,*,*,*,*,*,*,*,*,*,*,*,*,*,*,*,*,*,*,*,*,*,*,*,*,*,*,*,,
,MSTR-014-0060200,,,,,,,,,,,,,,,,,,,,,,,,,,,,,,,,,,,,,,,,,,,,,,,,,,,,,,,,,,,,,,,,,,,,,,,,,,,,,,,,,,,,,,,,,,関連表1_A(視界性能)_XR6.xlsx,,,,,,YES,,,,,,,,,front windscreen wiper: w/o,,,,,,,,,,,,,,,,,,,,,,,1,*,*,*,*,*,*,*,*,*,*,*,*,*,*,*,*,*,*,*,*,*,*,*,*,*,*,*,*,*,*,*,*,*,,
,MSTR-014-0060400,,,,,,,,,,,,,,,,,,,,,,,,,,,,,,,,,,,,,,,,,,,,,,,,,,,,,,,,,,,,,,,,,,,,,,,,,,,,,,,,,,,,,,,,,,関連表1_A(視界性能)_XR6.xlsx,,,,,,YES,,,,,,,,,front windscreen wiper: w/o,,,,,,,,,,,,,,,,,,,,,,,1,*,*,*,*,*,*,*,*,*,*,*,*,*,*,*,*,*,*,*,*,*,*,*,*,*,*,*,*,*,*,*,*,*,,
,MSTR-014-0060500,,,,,,,,,,,,,,,,,,,,,,,,,,,,,,,,,,,,,,,,,,,,,,,,,,,,,関連表1_A(視界性能)_XR6.xlsx,,,,,,YES,,,,,,front windscreen wiper: w/o,YES,,,,,,front windscreen wiper: w/o,,,,,,,,,,,,,,,,,,関連表1_A(視界性能)_XR6.xlsx,,,,,,YES,,,,,,,,,front windscreen wiper: w/o,,,,,,,,,,,,,,,,,,,,,,,1,*,*,*,*,*,*,*,*,*,*,*,*,*,*,*,*,*,*,*,*,*,*,*,*,*,*,*,*,*,*,*,*,*,,
,MSTR-014-0060600,,,,,,,,,,,,,,,,,,,,,,,,,,,,,,,,,,,,,,,,,,,,,,,,,,,,,,,,,,,,,,,,,,,,,,,,,,,,,,,,,,,,,,,,,,関連表1_A(視界性能)_XR6.xlsx,,,,,,YES,,,,,,,,,front windscreen wiper: w/o,,,,,,,,,,,,,,,,,,,,,,,1,*,*,*,*,*,*,*,*,*,*,*,*,*,*,*,*,*,*,*,*,*,*,*,*,*,*,*,*,*,*,*,*,*,,
,MSTR-014-0060700,,,,,,,,,,,,,,,,,,,,,,,,,,,,,,,,,,,,,,,,,,,,,,,,,,,,,,,,,,,,,,,,,,,,,,,,,,,,,,,,,,,,,,,,,,関連表1_A(視界性能)_XR6.xlsx,,,,,,YES,,,,,,,,,front windscreen wiper: w/o,,,,,,,,,,,,,,,,,,,,,,,1,*,*,*,*,*,*,*,*,*,*,*,*,*,*,*,*,*,*,*,*,*,*,*,*,*,*,*,*,*,*,*,*,*,,
,MSTR-014-0060900,,,,,,,,,,,,,,,,,,,,,,,,,,,,,,,,,,,,,,,,,,,,,,,,,,,,,,,,,,,,,,,,,,,,,,,,,,,,,,,,,,,,,,,,,,関連表1_A(視界性能)_XR6.xlsx,,,,,,YES,,,,,,,,,,,,,,,,,,,,,,,,,,,,,,,,,,,,,,,,,,,,,,,,,,,,,,,,,,,,,,,,,,要望仕様が存在しない,REAR SCREEN WIPER: W
,MSTR-014-0061100,,,,,,,,,,,,,,,,,,,,,,,,,,,,,,,,,,,,,,,,,,,,,,,,,,,,,,,,,,,,,,,,,,,,,,,,,,,,,,,,,,,,,,,,,,関連表1_A(視界性能)_XR6.xlsx,,,,,,YES,,,,,,,,,,,,,,,,,,,,,,,,,,,,,,,,,,,,,,,,,,,,,,,,,,,,,,,,,,,,,,,,,,要望仕様が存在しない,REAR SCREEN WIPER: W
,MSTR-014-0061200,,,,,,,,,,,,,,,,,,,,,,,,,,,,,,,,,,,,,,,,,,,,,,,,,,,,,,,,,,,,,,,,,,,,,,,,,,,,,,,,,,,,,,,,,,関連表1_A(視界性能)_XR6.xlsx,,,,,,YES,,,,,,,,,,,,,,,,,,,,,,,,,,,,,,,,,,,,,,,,,,,,,,,,,,,,,,,,,,,,,,,,,,要望仕様が存在しない,REAR SCREEN WIPER: W
,MSTR-014-0061500,,,,,,,,,,,,,,,,,,,,,,,,,,,,,,,,,,,,,,,,,,,,,,,,,,,,,,,,,,,,,,,,,,,,,,,,,,,,,,,,,,,,,,,,,,関連表1_A(視界性能)_XR6.xlsx,,,,,,YES,,,,,,,,,front windscreen wiper: w/o,,,,,,,,,,,,,,,,,,,,,,,1,*,*,*,*,*,*,*,*,*,*,*,*,*,*,*,*,*,*,*,*,*,*,*,*,*,*,*,*,*,*,*,*,*,,
,MSTR-014-0061800,,,,,,,,,,,,,,,,,,,,,,,,,,,,,,,,,,,,,,,,,,,,,,,,,,,,,関連表1_A(視界性能)_XR6.xlsx,,,,,,YES,,,,,,,YES,,,,,,,,,,,,,,,,,,,,,,,,関連表1_A(視界性能)_XR6.xlsx,,,,,,YES,,,,,,,,,,,,,,,,,,,,,,,,,,,,,,,,,,,,,,,,,,,,,,,,,,,,,,,,,,,,,,,,,,要望仕様が存在しない,CORNERING RAMP: W
,MSTR-014-0062100,,,,,,,,,,,,,,,,,,,,,,,,,,,,,,,,,,,,,,,,,,,,,,,,,,,,,,,,,,,,,,,,,,,,,,,,,,,,,,,,,,,,,,,,,,関連表1_A(視界性能)_XR6.xlsx,,,,,,YES,,,,,,,,,,,,,,,,,,,,,,,,,,,,,,,,,,,,,,,,,,,,,,,,,,,,,,,,,,,,,,,,,,要望仕様が存在しない,CORNERING RAMP: W
,MSTR-014-0062400,,,,,,,,,,,,,,,,,,,,,,,,,,,,,,,,,,,,,,,,,,,,,,,,,,,,,,,,,,,,,,,,,,,,,,,,,,,,,,,,,,,,,,,,,,関連表1_A(視界性能)_XR6.xlsx,,,,,,YES,,,,,,,,,,,,,,,,,,,,,,,,,,,,,,,,,,,,,,,,,,,,,,,,,,,,,,,,,,,,,,,,,,要望仕様が存在しない,"CORNERING RAMP: W, AFS: W"
,MSTR-014-0062700,,,,,,,,,,,,,,,,,,,,,,,,,,,,,,,,,,,,,,,,,,,,,,,,,,,,,,,,,,,,,,,,,,,,,,,,,,,,,,,,,,,,,,,,,,関連表1_A(視界性能)_XR6.xlsx,,,,,,YES,,,,,,,,,,,,,,,,,,,,,,,,,,,,,,,,,,,,,,,,,,,,,,,,,,,,,,,,,,,,,,,,,,要望仕様が存在しない,"CORNERING RAMP: W, ADAPTIVE DRIVING BEAM (ADB): W"
,MSTR-014-0063000,,,,,,,,,,,,,,,,,,,,,,,,,,,,,,,,,,,,,,,,,,,,,,,,,,,,,,,,,,,,,,,,,,,,,,,,,,,,,,,,,,,,,,,,,,関連表1_A(視界性能)_XR6.xlsx,,,,,,YES,,,,,,,,,,,,,,,,,,,,,,,,,,,,,,,,,,,,,,,,,,,,,,,,,,,,,,,,,,,,,,,,,,要望仕様が存在しない,"CORNERING RAMP: W, ADAPTIVE DRIVING BEAM (ADB): W"
,MSTR-014-0063200,,,,,,,,,,,,,,,,,,,,,,,,,,,,,,,,,,,,,,,,,,,,,,,,,,,,,,,,,,,,,,,,,,,,,,,,,,,,,,,,,,,,,,,,,,関連表1_A(視界性能)_XR6.xlsx,,,,,,YES,,,,,,,,,,,,,,,,,,,,,,,,,,,,,,,,,,,,,,,,,,,,,,,,,,,,,,,,,,,,,,,,,,要望仕様が存在しない,CORNERING RAMP: W
,MSTR-014-0063300,,,,,,,,,,,,,,,,,,,,,,,,,,,,,,,,,,,,,,,,,,,,,,,,,,,,,,,,,,,,,,,,,,,,,,,,,,,,,,,,,,,,,,,,,,関連表1_A(視界性能)_XR6.xlsx,,,,,,YES,,,,,,,,,,,,,,,,,,,,,,,,,,,,,,,,,,,,,,,,,,,,,,,,,,,,,,,,,,,,,,,,,,要望仕様が存在しない,CORNERING RAMP: W
,MSTR-014-0063400,,,,,,,,,,,,,,,,,,,,,,,,,,,,,,,,,,,,,,,,,,,,,,,,,,,,,,,,,,,,,,,,,,,,,,,,,,,,,,,,,,,,,,,,,,関連表1_A(視界性能)_XR6.xlsx,,,,,,YES,,,,,,,,,,,,,,,,,,,,,,,,,,,,,,,,,,,,,,,,,,,,,,,,,,,,,,,,,,,,,,,,,,要望仕様が存在しない,CORNERING RAMP: W
,MSTR-014-0063500,,,,,,,,,,,,,,,,,,,,,,,,,,,,,,,,,,,,,,,,,,,,,,,,,,,,,,,,,,,,,,,,,,,,,,,,,,,,,,,,,,,,,,,,,,関連表1_A(視界性能)_XR6.xlsx,,,,,,YES,,,,,,,,,,,,,,,,,,,,,,,,,,,,,,,,,,,,,,,,,,,,,,,,,,,,,,,,,,,,,,,,,,要望仕様が存在しない,CORNERING RAMP: W
,MSTR-014-0063600,,,,,,,,,,,,,,,,,,,,,,,,,,,,,,,,,,,,,,,,,,,,,,,,,,,,,,,,,,,,,,,,,,,,,,,,,,,,,,,,,,,,,,,,,,関連表1_A(視界性能)_XR6.xlsx,,,,,,YES,,,,,,,,,,,,,,,,,,,,,,,,,,,,,,,,,,,,,,,,,,,,,,,,,,,,,,,,,,,,,,,,,,要望仕様が存在しない,CORNERING RAMP: W
,MSTR-014-0063700,,,,,,,,,,,,,,,,,,,,,,,,,,,,,,,,,,,,,,,,,,,,,,,,,,,,,,,,,,,,,,,,,,,,,,,,,,,,,,,,,,,,,,,,,,関連表1_A(視界性能)_XR6.xlsx,,,,,,YES,,,,,,,,,,,,,,,,,,,,,,,,,,,,,,,,,,,,,,,,,,,,,,,,,,,,,,,,,,,,,,,,,,要望仕様が存在しない,CORNERING RAMP: W
,MSTR-014-0063900,,,,,,,,,,,,,,,,,,,,,,,,,,,,,,,,,,,,,,,,,,,,,,,,,,,,,,,,,,,,,,,,,,,,,,,,,,,,,,,,,,,,,,,,,,関連表1_A(視界性能)_XR6.xlsx,,,,,,YES,,,,,,,,,,,,,,,,,,,,,,,,,,,,,,,,,,,,,,,,,,,,,,,,,,,,,,,,,,,,,,,,,,要望仕様が存在しない,CORNERING RAMP: W
,MSTR-014-0064100,,,,,,,,,,,,,,,,,,,,,,,,,,,,,,,,,,,,,,,,,,,,,,,,,,,,,,,,,,,,,,,,,,,,,,,,,,,,,,,,,,,,,,,,,,関連表1_A(視界性能)_XR6.xlsx,,,,,,YES,,,,,,,,,,,,,,,,,,,,,,,,,,,,,,,,,,,,,,,,,,,,,,,,,,,,,,,,,,,,,,,,,,要望仕様が存在しない,CORNERING RAMP: W
,MSTR-014-0064300,,,,,,,,,,,,,,,,,,,,,,,,,,,,,,,,,,,,,,,,,,,,,,,,,,,,,,,,,,,,,,,,,,,,,,,,,,,,,,,,,,,,,,,,,,関連表1_A(視界性能)_XR6.xlsx,,,,,,YES,,,,,,,,,,,,,,,,,,,,,,,,,,,,,,,,,,,,,,,,,,,,,,,,,,,,,,,,,,,,,,,,,,要望仕様が存在しない,CORNERING RAMP: W
,MSTR-014-0064500,,,,,,,,,,,,,,,,,,,,,,,,,,,,,,,,,,,,,,,,,,,,,,,,,,,,,,,,,,,,,,,,,,,,,,,,,,,,,,,,,,,,,,,,,,関連表1_A(視界性能)_XR6.xlsx,,,,,,YES,,,,,,,,,,,,,,,,,,,,,,,,,,,,,,,,,,,,,,,,,,,,,,,,,,,,,,,,,,,,,,,,,,要望仕様が存在しない,"CORNERING RAMP: W, AFS: W"
,MSTR-014-0064700,,,,,,,,,,,,,,,,,,,,,,,,,,,,,,,,,,,,,,,,,,,,,,,,,,,,,,,,,,,,,,,,,,,,,,,,,,,,,,,,,,,,,,,,,,関連表1_A(視界性能)_XR6.xlsx,,,,,,YES,,,,,,,,,,,,,,,,,,,,,,,,,,,,,,,,,,,,,,,,,,,,,,,,,,,,,,,,,,,,,,,,,,要望仕様が存在しない,HEADLIGHT BEAM CONTROL: W
,MSTR-014-0064900,,,,,,,,,,,,,,,,,,,,,,,,,,,,,,,,,,,,,,,,,,,,,,,,,,,,,,,,,,,,,,,,,,,,,,,,,,,,,,,,,,,,,,,,,,関連表1_A(視界性能)_XR6.xlsx,,,,,,YES,,,,,,,,,,,,,,,,,,,,,,,,,,,,,,,,,,,,,,,,,,,,,,,,,,,,,,,,,,,,,,,,,,要望仕様が存在しない,"CORNERING RAMP: W, ADAPTIVE DRIVING BEAM (ADB): W"
,MSTR-014-0065100,,,,,,,,,,,,,,,,,,,,,,,,,,,,,,,,,,,,,,,,,,,,,,,,,,,,,,,,,,,,,,,,,,,,,,,,,,,,,,,,,,,,,,,,,,関連表1_A(視界性能)_XR6.xlsx,,,,,,YES,,,,,,,,,,,,,,,,,,,,,,,,,,,,,,,,,,,,,,,,,,,,,,,,,,,,,,,,,,,,,,,,,,要望仕様が存在しない,CORNERING RAMP: W
,MSTR-014-0065500,,,,,,,,,,,,,,,,,,,,,,,,,,,,,,,,,,,,,,,,,,,,,,,,,,,,,,,,,,,,,,,,,,,,,,,,,,,,,,,,,,,,,,,,,,関連表1_A(視界性能)_XR6.xlsx,,,,,,YES,,,,,,,,,,,,,,,,,,,,,,,,,,,,,,,,,,,,,,,,,,,,,,,,,,,,,,,,,,,,,,,,,,要望仕様が存在しない,CORNERING RAMP: W
,MSTR-014-0065600,,,,,,,,,,,,,,,,,,,,,,,,,,,,,,,,,,,,,,,,,,,,,,,,,,,,,,,,,,,,,,,,,,,,,,,,,,,,,,,,,,,,,,,,,,関連表1_A(視界性能)_XR6.xlsx,,,,,,YES,,,,,,,,,,,,,,,,,,,,,,,,,,,,,,,,,,,,,,,,,,,,,,,,,,,,,,,,,,,,,,,,,,要望仕様が存在しない,CORNERING RAMP: W
,MSTR-014-0065700,,,,,,,,,,,,,,,,,,,,,,,,,,,,,,,,,,,,,,,,,,,,,,,,,,,,,,,,,,,,,,,,,,,,,,,,,,,,,,,,,,,,,,,,,,関連表1_A(視界性能)_XR6.xlsx,,,,,,YES,,,,,,,,,,,,,,,,,,,,,,,,,,,,,,,,,,,,,,,,,,,,,,,,,,,,,,,,,,,,,,,,,,要望仕様が存在しない,CORNERING RAMP: W
,MSTR-014-0065900,,,,,,,,,,,,,,,,,,,,,,,,,,,,,,,,,,,,,,,,,,,,,,,,,,,,,,,,,,,,,,,,,,,,,,,,,,,,,,,,,,,,,,,,,,関連表1_A(視界性能)_XR6.xlsx,,,,,,YES,,,,,,,,,,,,,,,,,,,,,,,,,,,,,,,,,,,,,,,,,,,,,,,,,,,,,,,,,,,,,,,,,,要望仕様が存在しない,CORNERING RAMP: W
,MSTR-014-0066000,,,,,,,,,,,,,,,,,,,,,,,,,,,,,,,,,,,,,,,,,,,,,,,,,,,,,,,,,,,,,,,,,,,,,,,,,,,,,,,,,,,,,,,,,,関連表1_A(視界性能)_XR6.xlsx,,,,,,YES,,,,,,,,,,,,,,,,,,,,,,,,,,,,,,,,,,,,,,,,,,,,,,,,,,,,,,,,,,,,,,,,,,要望仕様が存在しない,CORNERING RAMP: W
,MSTR-014-0066100,,,,,,,,,,,,,,,,,,,,,,,,,,,,,,,,,,,,,,,,,,,,,,,,,,,,,,,,,,,,,,,,,,,,,,,,,,,,,,,,,,,,,,,,,,関連表1_A(視界性能)_XR6.xlsx,,,,,,YES,,,,,,,,,,,,,,,,,,,,,,,,,,,,,,,,,,,,,,,,,,,,,,,,,,,,,,,,,,,,,,,,,,要望仕様が存在しない,CORNERING RAMP: W
,MSTR-014-0066200,,,,,,,,,,,,,,,,,,,,,,,,,,,,,,,,,,,,,,,,,,,,,,,,,,,,,,,,,,,,,,,,,,,,,,,,,,,,,,,,,,,,,,,,,,関連表1_A(視界性能)_XR6.xlsx,,,,,,YES,,,,,,,,,,,,,,,,,,,,,,,,,,,,,,,,,,,,,,,,,,,,,,,,,,,,,,,,,,,,,,,,,,要望仕様が存在しない,CORNERING RAMP: W
,MSTR-014-0066300,,,,,,,,,,,,,,,,,,,,,,,,,,,,,,,,,,,,,,,,,,,,,,,,,,,,,,,,,,,,,,,,,,,,,,,,,,,,,,,,,,,,,,,,,,関連表1_A(視界性能)_XR6.xlsx,,,,,,YES,,,,,,,,,,,,,,,,,,,,,,,,,,,,,,,,,,,,,,,,,,,,,,,,,,,,,,,,,,,,,,,,,,要望仕様が存在しない,CORNERING RAMP: W
,MSTR-014-0066500,,,,,,,,,,,,,,,,,,,,,,,,,,,,,,,,,,,,,,,,,,,,,,,,,,,,,,,,,,,,,,,,,,,,,,,,,,,,,,,,,,,,,,,,,,関連表1_A(視界性能)_XR6.xlsx,,,,,,YES,,,,,,,,,,,,,,,,,,,,,,,,,,,,,,,,,,,,,,,,,,,,,,,,,,,,,,,,,,,,,,,,,,要望仕様が存在しない,CORNERING RAMP: W
,MSTR-014-0066600,,,,,,,,,,,,,,,,,,,,,,,,,,,,,,,,,,,,,,,,,,,,,,,,,,,,,,,,,,,,,,,,,,,,,,,,,,,,,,,,,,,,,,,,,,関連表1_A(視界性能)_XR6.xlsx,,,,,,YES,,,,,,,,,,,,,,,,,,,,,,,,,,,,,,,,,,,,,,,,,,,,,,,,,,,,,,,,,,,,,,,,,,要望仕様が存在しない,CORNERING RAMP: W
,MSTR-014-0066700,,,,,,,,,,,,,,,,,,,,,,,,,,,,,,,,,,,,,,,,,,,,,,,,,,,,,,,,,,,,,,,,,,,,,,,,,,,,,,,,,,,,,,,,,,関連表1_A(視界性能)_XR6.xlsx,,,,,,YES,,,,,,,,,front light: w,,,,,,,,,,,,,,,,,,,,,,,1,*,*,*,*,*,*,*,*,*,*,*,*,*,*,*,*,*,*,*,*,*,*,*,*,*,*,*,*,*,*,*,*,*,,
,MSTR-014-0066800,,,,,,,,,,,,,,,,,,,,,,,,,,,,,,,,,,,,,,,,,,,,,,,,,,,,,,,,,,,,,,,,,,,,,,,,,,,,,,,,,,,,,,,,,,関連表1_A(視界性能)_XR6.xlsx,,,,,,YES,,,,,,,,,front light: w,,,,,,,,,,,,,,,,,,,,,,,1,*,*,*,*,*,*,*,*,*,*,*,*,*,*,*,*,*,*,*,*,*,*,*,*,*,*,*,*,*,*,*,*,*,,
,MSTR-014-0066900,,,,,,,,,,,,,,,,,,,,,,,,,,,,,,,,,,,,,,,,,,,,,,,,,,,,,,,,,,,,,,,,,,,,,,,,,,,,,,,,,,,,,,,,,,関連表1_A(視界性能)_XR6.xlsx,,,,,,YES,,,,,,,,,front light: w,,,,,,,,,,,,,,,,,,,,,,,1,*,*,*,*,*,*,*,*,*,*,*,*,*,*,*,*,*,*,*,*,*,*,*,*,*,*,*,*,*,*,*,*,*,,
,MSTR-014-0067100,,,,,,,,,,,,,,,,,,,,,,,,,,,,,,,,,,,,,,,,,,,,,,,,,,,,,,,,,,,,,,,,,,,,,,,,,,,,,,,,,,,,,,,,,,関連表1_A(視界性能)_XR6.xlsx,,,,,,YES,,,,,,,,,front light: w,,,,,,,,,,,,,,,,,,,,,,,1,*,*,*,*,*,*,*,*,*,*,*,*,*,*,*,*,*,*,*,*,*,*,*,*,*,*,*,*,*,*,*,*,*,,
,MSTR-014-0067200,,,,,,,,,,,,,,,,,,,,,,,,,,,,,,,,,,,,,,,,,,,,,,,,,,,,,,,,,,,,,,,,,,,,,,,,,,,,,,,,,,,,,,,,,,関連表1_A(視界性能)_XR6.xlsx,,,,,,YES,,,,,,,,,front light: w,,,,,,,,,,,,,,,,,,,,,,,1,*,*,*,*,*,*,*,*,*,*,*,*,*,*,*,*,*,*,*,*,*,*,*,*,*,*,*,*,*,*,*,*,*,,
,MSTR-014-0067300,,,,,,,,,,,,,,,,,,,,,,,,,,,,,,,,,,,,,,,,,,,,,,,,,,,,,,,,,,,,,,,,,,,,,,,,,,,,,,,,,,,,,,,,,,関連表1_A(視界性能)_XR6.xlsx,,,,,,YES,,,,,,,,,,,,,,,,,,,,,,,,,,,,,,,,,,,,,,,,,,,,,,,,,,,,,,,,,,,,,,,,,,要望仕様が存在しない,FRONT SIDE MARKER: W
,MSTR-014-0067400,,,,,,,,,,,,,,,,,,,,,,,,,,,,,,,,,,,,,,,,,,,,,,,,,,,,,,,,,,,,,,,,,,,,,,,,,,,,,,,,,,,,,,,,,,関連表1_A(視界性能)_XR6.xlsx,,,,,,YES,,,,,,,,,,,,,,,,,,,,,,,,,,,,,,,,,,,,,,,,,,,,,,,,,,,,,,,,,,,,,,,,,,要望仕様が存在しない,FRONT SIDE MARKER: W
,MSTR-014-0067500,,,,,,,,,,,,,,,,,,,,,,,,,,,,,,,,,,,,,,,,,,,,,,,,,,,,,,,,,,,,,,,,,,,,,,,,,,,,,,,,,,,,,,,,,,関連表1_A(視界性能)_XR6.xlsx,,,,,,YES,,,,,,,,,,,,,,,,,,,,,,,,,,,,,,,,,,,,,,,,,,,,,,,,,,,,,,,,,,,,,,,,,,要望仕様が存在しない,FRONT SIDE MARKER: W
,MSTR-014-0067700,,,,,,,,,,,,,,,,,,,,,,,,,,,,,,,,,,,,,,,,,,,,,,,,,,,,,,,,,,,,,,,,,,,,,,,,,,,,,,,,,,,,,,,,,,関連表1_A(視界性能)_XR6.xlsx,,,,,,YES,,,,,,,,,,,,,,,,,,,,,,,,,,,,,,,,,,,,,,,,,,,,,,,,,,,,,,,,,,,,,,,,,,要望仕様が存在しない,FRONT SIDE MARKER: W
,MSTR-014-0067800,,,,,,,,,,,,,,,,,,,,,,,,,,,,,,,,,,,,,,,,,,,,,,,,,,,,,,,,,,,,,,,,,,,,,,,,,,,,,,,,,,,,,,,,,,関連表1_A(視界性能)_XR6.xlsx,,,,,,YES,,,,,,,,,,,,,,,,,,,,,,,,,,,,,,,,,,,,,,,,,,,,,,,,,,,,,,,,,,,,,,,,,,要望仕様が存在しない,FRONT SIDE MARKER: W
,MSTR-014-0067900,,,,,,,,,,,,,,,,,,,,,,,,,,,,,,,,,,,,,,,,,,,,,,,,,,,,,,,,,,,,,,,,,,,,,,,,,,,,,,,,,,,,,,,,,,関連表1_A(視界性能)_XR6.xlsx,,,,,,YES,,,,,,,,,front light: w,,,,,,,,,,,,,,,,,,,,,,,1,*,*,*,*,*,*,*,*,*,*,*,*,*,*,*,*,*,*,*,*,*,*,*,*,*,*,*,*,*,*,*,*,*,,
,MSTR-014-0068000,,,,,,,,,,,,,,,,,,,,,,,,,,,,,,,,,,,,,,,,,,,,,,,,,,,,,,,,,,,,,,,,,,,,,,,,,,,,,,,,,,,,,,,,,,関連表1_A(視界性能)_XR6.xlsx,,,,,,YES,,,,,,,,,front light: w,,,,,,,,,,,,,,,,,,,,,,,1,*,*,*,*,*,*,*,*,*,*,*,*,*,*,*,*,*,*,*,*,*,*,*,*,*,*,*,*,*,*,*,*,*,,
,MSTR-014-0068100,,,,,,,,,,,,,,,,,,,,,,,,,,,,,,,,,,,,,,,,,,,,,,,,,,,,,,,,,,,,,,,,,,,,,,,,,,,,,,,,,,,,,,,,,,関連表1_A(視界性能)_XR6.xlsx,,,,,,YES,,,,,,,,,front light: w,,,,,,,,,,,,,,,,,,,,,,,1,*,*,*,*,*,*,*,*,*,*,*,*,*,*,*,*,*,*,*,*,*,*,*,*,*,*,*,*,*,*,*,*,*,,
,MSTR-014-0068300,,,,,,,,,,,,,,,,,,,,,,,,,,,,,,,,,,,,,,,,,,,,,,,,,,,,,,,,,,,,,,,,,,,,,,,,,,,,,,,,,,,,,,,,,,関連表1_A(視界性能)_XR6.xlsx,,,,,,YES,,,,,,,,,front light: w,,,,,,,,,,,,,,,,,,,,,,,1,*,*,*,*,*,*,*,*,*,*,*,*,*,*,*,*,*,*,*,*,*,*,*,*,*,*,*,*,*,*,*,*,*,,
,MSTR-014-0068400,,,,,,,,,,,,,,,,,,,,,,,,,,,,,,,,,,,,,,,,,,,,,,,,,,,,,,,,,,,,,,,,,,,,,,,,,,,,,,,,,,,,,,,,,,関連表1_A(視界性能)_XR6.xlsx,,,,,,YES,,,,,,,,,front light: w,,,,,,,,,,,,,,,,,,,,,,,1,*,*,*,*,*,*,*,*,*,*,*,*,*,*,*,*,*,*,*,*,*,*,*,*,*,*,*,*,*,*,*,*,*,,
,MSTR-014-0068500,,,,,,,,,,,,,,,,,,,,,,,,,,,,,,,,,,,,,,,,,,,,,,,,,,,,,,,,,,,,,,,,,,,,,,,,,,,,,,,,,,,,,,,,,,関連表1_A(視界性能)_XR6.xlsx,,,,,,YES,,,,,,,,,"front light: w, front fog light: s1",,,,,,,,,,,,,,,,,,,,,,,1,*,*,*,*,*,*,*,*,*,*,*,*,*,*,*,*,*,*,*,*,*,*,*,*,*,*,*,*,*,*,*,*,*,,
,MSTR-014-0068600,,,,,,,,,,,,,,,,,,,,,,,,,,,,,,,,,,,,,,,,,,,,,,,,,,,,,,,,,,,,,,,,,,,,,,,,,,,,,,,,,,,,,,,,,,関連表1_A(視界性能)_XR6.xlsx,,,,,,YES,,,,,,,,,"front light: w, front fog light: s1",,,,,,,,,,,,,,,,,,,,,,,1,*,*,*,*,*,*,*,*,*,*,*,*,*,*,*,*,*,*,*,*,*,*,*,*,*,*,*,*,*,*,*,*,*,,
,MSTR-014-0068700,,,,,,,,,,,,,,,,,,,,,,,,,,,,,,,,,,,,,,,,,,,,,,,,,,,,,,,,,,,,,,,,,,,,,,,,,,,,,,,,,,,,,,,,,,関連表1_A(視界性能)_XR6.xlsx,,,,,,YES,,,,,,,,,"front light: w, front fog light: s1",,,,,,,,,,,,,,,,,,,,,,,1,*,*,*,*,*,*,*,*,*,*,*,*,*,*,*,*,*,*,*,*,*,*,*,*,*,*,*,*,*,*,*,*,*,,
,MSTR-014-0068800,,,,,,,,,,,,,,,,,,,,,,,,,,,,,,,,,,,,,,,,,,,,,,,,,,,,,,,,,,,,,,,,,,,,,,,,,,,,,,,,,,,,,,,,,,関連表1_A(視界性能)_XR6.xlsx,,,,,,YES,,,,,,,,,"front light: w, front fog light: s1",,,,,,,,,,,,,,,,,,,,,,,1,*,*,*,*,*,*,*,*,*,*,*,*,*,*,*,*,*,*,*,*,*,*,*,*,*,*,*,*,*,*,*,*,*,,
,MSTR-014-0068900,,,,,,,,,,,,,,,,,,,,,,,,,,,,,,,,,,,,,,,,,,,,,,,,,,,,,,,,,,,,,,,,,,,,,,,,,,,,,,,,,,,,,,,,,,関連表1_A(視界性能)_XR6.xlsx,,,,,,YES,,,,,,,,,"front light: w, front fog light: s1",,,,,,,,,,,,,,,,,,,,,,,1,*,*,*,*,*,*,*,*,*,*,*,*,*,*,*,*,*,*,*,*,*,*,*,*,*,*,*,*,*,*,*,*,*,,
,MSTR-014-0069100,,,,,,,,,,,,,,,,,,,,,,,,,,,,,,,,,,,,,,,,,,,,,,,,,,,,,,,,,,,,,,,,,,,,,,,,,,,,,,,,,,,,,,,,,,関連表1_A(視界性能)_XR6.xlsx,,,,,,YES,,,,,,,,,"front light: w, front fog light: s1",,,,,,,,,,,,,,,,,,,,,,,1,*,*,*,*,*,*,*,*,*,*,*,*,*,*,*,*,*,*,*,*,*,*,*,*,*,*,*,*,*,*,*,*,*,,
,MSTR-014-0069200,,,,,,,,,,,,,,,,,,,,,,,,,,,,,,,,,,,,,,,,,,,,,,,,,,,,,,,,,,,,,,,,,,,,,,,,,,,,,,,,,,,,,,,,,,関連表1_A(視界性能)_XR6.xlsx,,,,,,YES,,,,,,,,,"front light: w, front fog light: s1",,,,,,,,,,,,,,,,,,,,,,,1,*,*,*,*,*,*,*,*,*,*,*,*,*,*,*,*,*,*,*,*,*,*,*,*,*,*,*,*,*,*,*,*,*,,
,MSTR-014-0069900,,,,,,,,,,,,,,,,,,,,,,,,,,,,,,,,,,,,,,,,,,,,,,,,,,,,,,,,,,,,,,,,,,,,,,,,,,,,,,,,,,,,,,,,,,関連表1_A(視界性能)_XR6.xlsx,,,,,,YES,,,,,,,,,,,,,,,,,,,,,,,,,,,,,,,,,,,,,,,,,,,,,,,,,,,,,,,,,,,,,,,,,,要望仕様が存在しない,PUDDLE LIGHT / GROUND ILLUMINATION: W
,MSTR-014-0070000,,,,,,,,,,,,,,,,,,,,,,,,,,,,,,,,,,,,,,,,,,,,,,,,,,,,,,,,,,,,,,,,,,,,,,,,,,,,,,,,,,,,,,,,,,関連表1_A(視界性能)_XR6.xlsx,,,,,,YES,,,,,,,,,,,,,,,,,,,,,,,,,,,,,,,,,,,,,,,,,,,,,,,,,,,,,,,,,,,,,,,,,,要望仕様が存在しない,PUDDLE LIGHT / GROUND ILLUMINATION: W
,MSTR-014-0070200,,,,,,,,,,,,,,,,,,,,,,,,,,,,,,,,,,,,,,,,,,,,,,,,,,,,,,,,,,,,,,,,,,,,,,,,,,,,,,,,,,,,,,,,,,関連表1_A(視界性能)_XR6.xlsx,,,,,,YES,,,,,,,,,,,,,,,,,,,,,,,,,,,,,,,,,,,,,,,,,,,,,,,,,,,,,,,,,,,,,,,,,,要望仕様が存在しない,PUDDLE LIGHT / GROUND ILLUMINATION: W
,MSTR-014-0070300,,,,,,,,,,,,,,,,,,,,,,,,,,,,,,,,,,,,,,,,,,,,,,,,,,,,,,,,,,,,,,,,,,,,,,,,,,,,,,,,,,,,,,,,,,関連表1_A(視界性能)_XR6.xlsx,,,,,,YES,,,,,,,,,,,,,,,,,,,,,,,,,,,,,,,,,,,,,,,,,,,,,,,,,,,,,,,,,,,,,,,,,,要望仕様が存在しない,PUDDLE LIGHT / GROUND ILLUMINATION: W
,MSTR-014-0070400,,,,,,,,,,,,,,,,,,,,,,,,,,,,,,,,,,,,,,,,,,,,,,,,,,,,,,,,,,,,,,,,,,,,,,,,,,,,,,,,,,,,,,,,,,関連表1_A(視界性能)_XR6.xlsx,,,,,,YES,,,,,,,,,front light: w,,,,,,,,,,,,,,,,,,,,,,,1,*,*,*,*,*,*,*,*,*,*,*,*,*,*,*,*,*,*,*,*,*,*,*,*,*,*,*,*,*,*,*,*,*,,
,MSTR-014-0070500,,,,,,,,,,,,,,,,,,,,,,,,,,,,,,,,,,,,,,,,,,,,,,,,,,,,,,,,,,,,,,,,,,,,,,,,,,,,,,,,,,,,,,,,,,関連表1_A(視界性能)_XR6.xlsx,,,,,,YES,,,,,,,,,front light: w,,,,,,,,,,,,,,,,,,,,,,,1,*,*,*,*,*,*,*,*,*,*,*,*,*,*,*,*,*,*,*,*,*,*,*,*,*,*,*,*,*,*,*,*,*,,
,MSTR-014-0070600,,,,,,,,,,,,,,,,,,,,,,,,,,,,,,,,,,,,,,,,,,,,,,,,,,,,,,,,,,,,,,,,,,,,,,,,,,,,,,,,,,,,,,,,,,関連表1_A(視界性能)_XR6.xlsx,,,,,,YES,,,,,,,,,front light: w,,,,,,,,,,,,,,,,,,,,,,,1,*,*,*,*,*,*,*,*,*,*,*,*,*,*,*,*,*,*,*,*,*,*,*,*,*,*,*,*,*,*,*,*,*,,
,MSTR-014-0070800,,,,,,,,,,,,,,,,,,,,,,,,,,,,,,,,,,,,,,,,,,,,,,,,,,,,,,,,,,,,,,,,,,,,,,,,,,,,,,,,,,,,,,,,,,関連表1_A(視界性能)_XR6.xlsx,,,,,,YES,,,,,,,,,front light: w,,,,,,,,,,,,,,,,,,,,,,,1,*,*,*,*,*,*,*,*,*,*,*,*,*,*,*,*,*,*,*,*,*,*,*,*,*,*,*,*,*,*,*,*,*,,
,MSTR-014-0071000,,,,,,,,,,,,,,,,,,,,,,,,,,,,,,,,,,,,,,,,,,,,,,,,,,,,,,,,,,,,,,,,,,,,,,,,,,,,,,,,,,,,,,,,,,関連表1_A(視界性能)_XR6.xlsx,,,,,,YES,,,,,,,,,rear light: s1,,,,,,,,,,,,,,,,,,,,,,,1,*,*,*,*,*,*,*,*,*,*,*,*,*,*,*,*,*,*,*,*,*,*,*,*,*,*,*,*,*,*,*,*,*,,
,MSTR-014-0071100,,,,,,,,,,,,,,,,,,,,,,,,,,,,,,,,,,,,,,,,,,,,,,,,,,,,,,,,,,,,,,,,,,,,,,,,,,,,,,,,,,,,,,,,,,関連表1_A(視界性能)_XR6.xlsx,,,,,,YES,,,,,,,,,rear light: s1,,,,,,,,,,,,,,,,,,,,,,,1,*,*,*,*,*,*,*,*,*,*,*,*,*,*,*,*,*,*,*,*,*,*,*,*,*,*,*,*,*,*,*,*,*,,
,MSTR-014-0071300,,,,,,,,,,,,,,,,,,,,,,,,,,,,,,,,,,,,,,,,,,,,,,,,,,,,,,,,,,,,,,,,,,,,,,,,,,,,,,,,,,,,,,,,,,関連表1_A(視界性能)_XR6.xlsx,,,,,,YES,,,,,,,,,rear light: s1,,,,,,,,,,,,,,,,,,,,,,,1,*,*,*,*,*,*,*,*,*,*,*,*,*,*,*,*,*,*,*,*,*,*,*,*,*,*,*,*,*,*,*,*,*,,
,MSTR-014-0071400,,,,,,,,,,,,,,,,,,,,,,,,,,,,,,,,,,,,,,,,,,,,,,,,,,,,,,,,,,,,,,,,,,,,,,,,,,,,,,,,,,,,,,,,,,関連表1_A(視界性能)_XR6.xlsx,,,,,,YES,,,,,,,,,rear light: s1,,,,,,,,,,,,,,,,,,,,,,,1,*,*,*,*,*,*,*,*,*,*,*,*,*,*,*,*,*,*,*,*,*,*,*,*,*,*,*,*,*,*,*,*,*,,
,MSTR-014-0071600,,,,,,,,,,,,,,,,,,,,,,,,,,,,,,,,,,,,,,,,,,,,,,,,,,,,,,,,,,,,,,,,,,,,,,,,,,,,,,,,,,,,,,,,,,関連表1_A(視界性能)_XR6.xlsx,,,,,,YES,,,,,,,,,,,,,,,,,,,,,,,,,,,,,,,,,,,,,,,,,,,,,,,,,,,,,,,,,,,,,,,,,,要望仕様が存在しない,"BRAKE LIGHT: ALL, STOP LIGHT: ALL"
,MSTR-014-0071700,,,,,,,,,,,,,,,,,,,,,,,,,,,,,,,,,,,,,,,,,,,,,,,,,,,,,,,,,,,,,,,,,,,,,,,,,,,,,,,,,,,,,,,,,,関連表1_A(視界性能)_XR6.xlsx,,,,,,YES,,,,,,,,,,,,,,,,,,,,,,,,,,,,,,,,,,,,,,,,,,,,,,,,,,,,,,,,,,,,,,,,,,要望仕様が存在しない,"BRAKE LIGHT: ALL, STOP LIGHT: ALL"
,MSTR-014-0071800,,,,,,,,,,,,,,,,,,,,,,,,,,,,,,,,,,,,,,,,,,,,,,,,,,,,,,,,,,,,,,,,,,,,,,,,,,,,,,,,,,,,,,,,,,関連表1_A(視界性能)_XR6.xlsx,,,,,,YES,,,,,,,,,,,,,,,,,,,,,,,,,,,,,,,,,,,,,,,,,,,,,,,,,,,,,,,,,,,,,,,,,,要望仕様が存在しない,"BRAKE LIGHT: ALL, STOP LIGHT: ALL"
,MSTR-014-0072000,,,,,,,,,,,,,,,,,,,,,,,,,,,,,,,,,,,,,,,,,,,,,,,,,,,,,,,,,,,,,,,,,,,,,,,,,,,,,,,,,,,,,,,,,,関連表1_A(視界性能)_XR6.xlsx,,,,,,YES,,,,,,,,,,,,,,,,,,,,,,,,,,,,,,,,,,,,,,,,,,,,,,,,,,,,,,,,,,,,,,,,,,要望仕様が存在しない,"BRAKE LIGHT: ALL, STOP LIGHT: ALL"
,MSTR-014-0072100,,,,,,,,,,,,,,,,,,,,,,,,,,,,,,,,,,,,,,,,,,,,,,,,,,,,,,,,,,,,,,,,,,,,,,,,,,,,,,,,,,,,,,,,,,関連表1_A(視界性能)_XR6.xlsx,,,,,,YES,,,,,,,,,,,,,,,,,,,,,,,,,,,,,,,,,,,,,,,,,,,,,,,,,,,,,,,,,,,,,,,,,,要望仕様が存在しない,"BRAKE LIGHT: ALL, STOP LIGHT: ALL"
,MSTR-014-0072200,,,,,,,,,,,,,,,,,,,,,,,,,,,,,,,,,,,,,,,,,,,,,,,,,,,,,,,,,,,,,,,,,,,,,,,,,,,,,,,,,,,,,,,,,,関連表1_A(視界性能)_XR6.xlsx,,,,,,YES,,,,,,,,,,,,,,,,,,,,,,,,,,,,,,,,,,,,,,,,,,,,,,,,,,,,,,,,,,,,,,,,,,要望仕様が存在しない,"BRAKE LIGHT: ALL, STOP LIGHT: ALL"
,MSTR-014-0072300,,,,,,,,,,,,,,,,,,,,,,,,,,,,,,,,,,,,,,,,,,,,,,,,,,,,,,,,,,,,,,,,,,,,,,,,,,,,,,,,,,,,,,,,,,関連表1_A(視界性能)_XR6.xlsx,,,,,,YES,,,,,,,,,,,,,,,,,,,,,,,,,,,,,,,,,,,,,,,,,,,,,,,,,,,,,,,,,,,,,,,,,,要望仕様が存在しない,"BRAKE LIGHT: ALL, STOP LIGHT: ALL"
,MSTR-014-0072400,,,,,,,,,,,,,,,,,,,,,,,,,,,,,,,,,,,,,,,,,,,,,,,,,,,,,,,,,,,,,,,,,,,,,,,,,,,,,,,,,,,,,,,,,,関連表1_A(視界性能)_XR6.xlsx,,,,,,YES,,,,,,,,,,,,,,,,,,,,,,,,,,,,,,,,,,,,,,,,,,,,,,,,,,,,,,,,,,,,,,,,,,要望仕様が存在しない,"BRAKE LIGHT: ALL, STOP LIGHT: ALL"
,MSTR-014-0072600,,,,,,,,,,,,,,,,,,,,,,,,,,,,,,,,,,,,,,,,,,,,,,,,,,,,,,,,,,,,,,,,,,,,,,,,,,,,,,,,,,,,,,,,,,関連表1_A(視界性能)_XR6.xlsx,,,,,,YES,,,,,,,,,,,,,,,,,,,,,,,,,,,,,,,,,,,,,,,,,,,,,,,,,,,,,,,,,,,,,,,,,,要望仕様が存在しない,"BRAKE LIGHT: ALL, STOP LIGHT: ALL"
,MSTR-014-0072700,,,,,,,,,,,,,,,,,,,,,,,,,,,,,,,,,,,,,,,,,,,,,,,,,,,,,,,,,,,,,,,,,,,,,,,,,,,,,,,,,,,,,,,,,,関連表1_A(視界性能)_XR6.xlsx,,,,,,YES,,,,,,,,,,,,,,,,,,,,,,,,,,,,,,,,,,,,,,,,,,,,,,,,,,,,,,,,,,,,,,,,,,要望仕様が存在しない,"BRAKE LIGHT: ALL, STOP LIGHT: ALL"
,MSTR-014-0072800,,,,,,,,,,,,,,,,,,,,,,,,,,,,,,,,,,,,,,,,,,,,,,,,,,,,,,,,,,,,,,,,,,,,,,,,,,,,,,,,,,,,,,,,,,関連表1_A(視界性能)_XR6.xlsx,,,,,,YES,,,,,,,,,,,,,,,,,,,,,,,,,,,,,,,,,,,,,,,,,,,,,,,,,,,,,,,,,,,,,,,,,,要望仕様が存在しない,"BRAKE LIGHT: ALL, STOP LIGHT: ALL"
,MSTR-014-0072900,,,,,,,,,,,,,,,,,,,,,,,,,,,,,,,,,,,,,,,,,,,,,,,,,,,,,,,,,,,,,,,,,,,,,,,,,,,,,,,,,,,,,,,,,,関連表1_A(視界性能)_XR6.xlsx,,,,,,YES,,,,,,,,,,,,,,,,,,,,,,,,,,,,,,,,,,,,,,,,,,,,,,,,,,,,,,,,,,,,,,,,,,要望仕様が存在しない,"BRAKE LIGHT: ALL, STOP LIGHT: ALL"
,MSTR-014-0073000,,,,,,,,,,,,,,,,,,,,,,,,,,,,,,,,,,,,,,,,,,,,,,,,,,,,,,,,,,,,,,,,,,,,,,,,,,,,,,,,,,,,,,,,,,関連表1_A(視界性能)_XR6.xlsx,,,,,,YES,,,,,,,,,,,,,,,,,,,,,,,,,,,,,,,,,,,,,,,,,,,,,,,,,,,,,,,,,,,,,,,,,,要望仕様が存在しない,"BRAKE LIGHT: ALL, STOP LIGHT: ALL"
,MSTR-014-0073200,,,,,,,,,,,,,,,,,,,,,,,,,,,,,,,,,,,,,,,,,,,,,,,,,,,,,,,,,,,,,,,,,,,,,,,,,,,,,,,,,,,,,,,,,,関連表1_A(視界性能)_XR6.xlsx,,,,,,YES,,,,,,,,,,,,,,,,,,,,,,,,,,,,,,,,,,,,,,,,,,,,,,,,,,,,,,,,,,,,,,,,,,要望仕様が存在しない,"BRAKE LIGHT: ALL, STOP LIGHT: ALL"
,MSTR-014-0073300,,,,,,,,,,,,,,,,,,,,,,,,,,,,,,,,,,,,,,,,,,,,,,,,,,,,,,,,,,,,,,,,,,,,,,,,,,,,,,,,,,,,,,,,,,関連表1_A(視界性能)_XR6.xlsx,,,,,,YES,,,,,,,,,,,,,,,,,,,,,,,,,,,,,,,,,,,,,,,,,,,,,,,,,,,,,,,,,,,,,,,,,,要望仕様が存在しない,"BRAKE LIGHT: ALL, STOP LIGHT: ALL"
,MSTR-014-0073400,,,,,,,,,,,,,,,,,,,,,,,,,,,,,,,,,,,,,,,,,,,,,,,,,,,,,,,,,,,,,,,,,,,,,,,,,,,,,,,,,,,,,,,,,,関連表1_A(視界性能)_XR6.xlsx,,,,,,YES,,,,,,,,,,,,,,,,,,,,,,,,,,,,,,,,,,,,,,,,,,,,,,,,,,,,,,,,,,,,,,,,,,要望仕様が存在しない,"BRAKE LIGHT: ALL, STOP LIGHT: ALL"
,MSTR-014-0073800,,,,,,,,,,,,,,,,,,,,,,,,,,,,,,,,,,,,,,,,,,,,,,,,,,,,,,,,,,,,,,,,,,,,,,,,,,,,,,,,,,,,,,,,,,関連表1_A(視界性能)_XR6.xlsx,,,,,,YES,,,,,,,,,,,,,,,,,,,,,,,,,,,,,,,,,,,,,,,,,,,,,,,,,,,,,,,,,,,,,,,,,,要望仕様が存在しない,"BRAKE LIGHT: ALL, STOP LIGHT: ALL, REAR SIDE MARKER: W"
,MSTR-014-0073900,,,,,,,,,,,,,,,,,,,,,,,,,,,,,,,,,,,,,,,,,,,,,,,,,,,,,,,,,,,,,,,,,,,,,,,,,,,,,,,,,,,,,,,,,,関連表1_A(視界性能)_XR6.xlsx,,,,,,YES,,,,,,,,,,,,,,,,,,,,,,,,,,,,,,,,,,,,,,,,,,,,,,,,,,,,,,,,,,,,,,,,,,要望仕様が存在しない,"BRAKE LIGHT: ALL, STOP LIGHT: ALL, REAR SIDE MARKER: W"
,MSTR-014-0074100,,,,,,,,,,,,,,,,,,,,,,,,,,,,,,,,,,,,,,,,,,,,,,,,,,,,,,,,,,,,,,,,,,,,,,,,,,,,,,,,,,,,,,,,,,関連表1_A(視界性能)_XR6.xlsx,,,,,,YES,,,,,,,,,,,,,,,,,,,,,,,,,,,,,,,,,,,,,,,,,,,,,,,,,,,,,,,,,,,,,,,,,,要望仕様が存在しない,"BRAKE LIGHT: ALL, STOP LIGHT: ALL, REAR SIDE MARKER: W"
,MSTR-014-0074200,,,,,,,,,,,,,,,,,,,,,,,,,,,,,,,,,,,,,,,,,,,,,,,,,,,,,,,,,,,,,,,,,,,,,,,,,,,,,,,,,,,,,,,,,,関連表1_A(視界性能)_XR6.xlsx,,,,,,YES,,,,,,,,,,,,,,,,,,,,,,,,,,,,,,,,,,,,,,,,,,,,,,,,,,,,,,,,,,,,,,,,,,要望仕様が存在しない,"BRAKE LIGHT: ALL, STOP LIGHT: ALL, REAR SIDE MARKER: W"
,MSTR-014-0074300,,,,,,,,,,,,,,,,,,,,,,,,,,,,,,,,,,,,,,,,,,,,,,,,,,,,,,,,,,,,,,,,,,,,,,,,,,,,,,,,,,,,,,,,,,関連表1_A(視界性能)_XR6.xlsx,,,,,,YES,,,,,,,,,,,,,,,,,,,,,,,,,,,,,,,,,,,,,,,,,,,,,,,,,,,,,,,,,,,,,,,,,,要望仕様が存在しない,"BRAKE LIGHT: ALL, STOP LIGHT: ALL"
,MSTR-014-0074400,,,,,,,,,,,,,,,,,,,,,,,,,,,,,,,,,,,,,,,,,,,,,,,,,,,,,,,,,,,,,,,,,,,,,,,,,,,,,,,,,,,,,,,,,,関連表1_A(視界性能)_XR6.xlsx,,,,,,YES,,,,,,,,,,,,,,,,,,,,,,,,,,,,,,,,,,,,,,,,,,,,,,,,,,,,,,,,,,,,,,,,,,要望仕様が存在しない,"BRAKE LIGHT: ALL, STOP LIGHT: ALL"
,MSTR-014-0074600,,,,,,,,,,,,,,,,,,,,,,,,,,,,,,,,,,,,,,,,,,,,,,,,,,,,,,,,,,,,,,,,,,,,,,,,,,,,,,,,,,,,,,,,,,関連表1_A(視界性能)_XR6.xlsx,,,,,,YES,,,,,,,,,,,,,,,,,,,,,,,,,,,,,,,,,,,,,,,,,,,,,,,,,,,,,,,,,,,,,,,,,,要望仕様が存在しない,"BRAKE LIGHT: ALL, STOP LIGHT: ALL"
,MSTR-014-0074800,,,,,,,,,,,,,,,,,,,,,,,,,,,,,,,,,,,,,,,,,,,,,,,,,,,,,,,,,,,,,,,,,,,,,,,,,,,,,,,,,,,,,,,,,,関連表1_A(視界性能)_XR6.xlsx,,,,,,YES,,,,,,,,,,,,,,,,,,,,,,,,,,,,,,,,,,,,,,,,,,,,,,,,,,,,,,,,,,,,,,,,,,要望仕様が存在しない,"BRAKE LIGHT: ALL, STOP LIGHT: ALL, REAR FOG LIGHT: W"
,MSTR-014-0074900,,,,,,,,,,,,,,,,,,,,,,,,,,,,,,,,,,,,,,,,,,,,,,,,,,,,,,,,,,,,,,,,,,,,,,,,,,,,,,,,,,,,,,,,,,関連表1_A(視界性能)_XR6.xlsx,,,,,,YES,,,,,,,,,,,,,,,,,,,,,,,,,,,,,,,,,,,,,,,,,,,,,,,,,,,,,,,,,,,,,,,,,,要望仕様が存在しない,"BRAKE LIGHT: ALL, STOP LIGHT: ALL, REAR FOG LIGHT: W"
,MSTR-014-0075100,,,,,,,,,,,,,,,,,,,,,,,,,,,,,,,,,,,,,,,,,,,,,,,,,,,,,,,,,,,,,,,,,,,,,,,,,,,,,,,,,,,,,,,,,,関連表1_A(視界性能)_XR6.xlsx,,,,,,YES,,,,,,,,,,,,,,,,,,,,,,,,,,,,,,,,,,,,,,,,,,,,,,,,,,,,,,,,,,,,,,,,,,要望仕様が存在しない,"BRAKE LIGHT: ALL, STOP LIGHT: ALL, REAR FOG LIGHT: W"
,MSTR-014-0075200,,,,,,,,,,,,,,,,,,,,,,,,,,,,,,,,,,,,,,,,,,,,,,,,,,,,,,,,,,,,,,,,,,,,,,,,,,,,,,,,,,,,,,,,,,関連表1_A(視界性能)_XR6.xlsx,,,,,,YES,,,,,,,,,,,,,,,,,,,,,,,,,,,,,,,,,,,,,,,,,,,,,,,,,,,,,,,,,,,,,,,,,,要望仕様が存在しない,"BRAKE LIGHT: ALL, STOP LIGHT: ALL, REAR FOG LIGHT: W"
,MSTR-014-0075300,,,,,,,,,,,,,,,,,,,,,,,,,,,,,,,,,,,,,,,,,,,,,,,,,,,,,,,,,,,,,,,,,,,,,,,,,,,,,,,,,,,,,,,,,,関連表1_A(視界性能)_XR6.xlsx,,,,,,YES,,,,,,,,,,,,,,,,,,,,,,,,,,,,,,,,,,,,,,,,,,,,,,,,,,,,,,,,,,,,,,,,,,要望仕様が存在しない,"BRAKE LIGHT: ALL, STOP LIGHT: ALL"
,MSTR-014-0075400,,,,,,,,,,,,,,,,,,,,,,,,,,,,,,,,,,,,,,,,,,,,,,,,,,,,,,,,,,,,,,,,,,,,,,,,,,,,,,,,,,,,,,,,,,関連表1_A(視界性能)_XR6.xlsx,,,,,,YES,,,,,,,,,,,,,,,,,,,,,,,,,,,,,,,,,,,,,,,,,,,,,,,,,,,,,,,,,,,,,,,,,,要望仕様が存在しない,"BRAKE LIGHT: ALL, STOP LIGHT: ALL"
,MSTR-014-0075600,,,,,,,,,,,,,,,,,,,,,,,,,,,,,,,,,,,,,,,,,,,,,,,,,,,,,,,,,,,,,,,,,,,,,,,,,,,,,,,,,,,,,,,,,,関連表1_A(視界性能)_XR6.xlsx,,,,,,YES,,,,,,,,,,,,,,,,,,,,,,,,,,,,,,,,,,,,,,,,,,,,,,,,,,,,,,,,,,,,,,,,,,要望仕様が存在しない,"BRAKE LIGHT: ALL, STOP LIGHT: ALL"
,MSTR-014-0075700,,,,,,,,,,,,,,,,,,,,,,,,,,,,,,,,,,,,,,,,,,,,,,,,,,,,,,,,,,,,,,,,,,,,,,,,,,,,,,,,,,,,,,,,,,関連表1_A(視界性能)_XR6.xlsx,,,,,,YES,,,,,,,,,,,,,,,,,,,,,,,,,,,,,,,,,,,,,,,,,,,,,,,,,,,,,,,,,,,,,,,,,,要望仕様が存在しない,"BRAKE LIGHT: ALL, STOP LIGHT: ALL"
,MSTR-014-0075800,,,,,,,,,,,,,,,,,,,,,,,,,,,,,,,,,,,,,,,,,,,,,,,,,,,,,,,,,,,,,,,,,,,,,,,,,,,,,,,,,,,,,,,,,,関連表1_A(視界性能)_XR6.xlsx,,,,,,YES,,,,,,,,,,,,,,,,,,,,,,,,,,,,,,,,,,,,,,,,,,,,,,,,,,,,,,,,,,,,,,,,,,要望仕様が存在しない,CORNERING RAMP: W
,MSTR-014-0075900,,,,,,,,,,,,,,,,,,,,,,,,,,,,,,,,,,,,,,,,,,,,,,,,,,,,,,,,,,,,,,,,,,,,,,,,,,,,,,,,,,,,,,,,,,関連表1_A(視界性能)_XR6.xlsx,,,,,,YES,,,,,,,,,,,,,,,,,,,,,,,,,,,,,,,,,,,,,,,,,,,,,,,,,,,,,,,,,,,,,,,,,,要望仕様が存在しない,CORNERING RAMP: W
,MSTR-014-0076000,,,,,,,,,,,,,,,,,,,,,,,,,,,,,,,,,,,,,,,,,,,,,,,,,,,,,,,,,,,,,,,,,,,,,,,,,,,,,,,,,,,,,,,,,,関連表1_A(視界性能)_XR6.xlsx,,,,,,YES,,,,,,,,,,,,,,,,,,,,,,,,,,,,,,,,,,,,,,,,,,,,,,,,,,,,,,,,,,,,,,,,,,要望仕様が存在しない,CORNERING RAMP: W
,MSTR-014-0076200,,,,,,,,,,,,,,,,,,,,,,,,,,,,,,,,,,,,,,,,,,,,,,,,,,,,,,,,,,,,,,,,,,,,,,,,,,,,,,,,,,,,,,,,,,関連表1_A(視界性能)_XR6.xlsx,,,,,,YES,,,,,,,,,,,,,,,,,,,,,,,,,,,,,,,,,,,,,,,,,,,,,,,,,,,,,,,,,,,,,,,,,,要望仕様が存在しない,CORNERING RAMP: W
,MSTR-014-0089600,,,,,,,,,,,,,,,,,,,,,,,,,,,,,,,,,,,,,,,,,,,,,,,,,,,,,関連表1_A(内外装安全)_XR6.xlsx,,,,,,YES,,,,,,navi-size: -,YES,,,,,,navi-size: -,,,,,,,,,,,,,,,,,,関連表1_A(内外装安全)_XR6.xlsx,,,,,,YES,,,,,,,,,navi-size: -,,,,,,,,,,,,,,,,,,,,,,,1,*,*,*,*,*,,,,,,,*,*,,,,,,,*,*,*,*,,,,,*,*,,,,,,
,MSTR-014-0089600-d0001,,,,,,,,,,,,,,,,,,,,,,,,,,,,,,,,,,,,,,,,,,,,,,,,,,,,,関連表1_A(内外装安全)_XR6.xlsx,,,,,,YES,,,,,,navi-size: 12.3,YES,,,,,,navi-size: 12.3,,,,,,,,,,,,,,,,,,関連表1_A(内外装安全)_XR6.xlsx,,,,,,YES,,,,,,,,,navi-size: 12.3,,,,,,,,,,,,,,,,,,,,,,,,,,,,,1,*,*,*,*,*,,,*,*,*,*,*,*,,,,,*,*,*,*,,,*,*,*,*,,
,MSTR-014-0090300,,,,,,,,,,,,,,,,,,,,,,,,,,,,,,,,,,,,,,,,,,,,,,,,,,,,,関連表1_A(内外装安全)_XR6.xlsx,,,,,,YES,,,,,,,YES,,,,,,,,,,,,,,,,,,,,,,,,関連表1_A(内外装安全)_XR6.xlsx,,,,,,YES,,,,,,,,,,,,,,,,,,,,,,,,,,,,,,,,1,*,*,*,*,*,*,*,*,*,*,*,*,*,*,*,*,*,*,*,*,*,*,*,*,*,*,*,*,*,*,*,*,*,,
,MSTR-014-0091000,,,,,,,,,,,,,,,,,,,,,,,,,,,,,,,,,,,,,,,,,,,,,,,,,,,,,関連表1_A(内外装安全)_XR6.xlsx,,,,,,YES,,,,,,,YES,,,,,,,,,,,,,,,,,,,,,,,,関連表1_A(内外装安全)_XR6.xlsx,,,,,,YES,,,,,,,,,,,,,,,,,,,,,,,,,,,,,,,,1,*,*,*,*,*,*,*,*,*,*,*,*,*,*,*,*,*,*,*,*,*,*,*,*,*,*,*,*,*,*,*,*,*,,
,MSTR-014-0091600,,,,,,,,,,,,,,,,,,,,,,,,,,,,,,,,,,,,,,,,,,,,,,,,,,,,,関連表1_A(内外装安全)_XR6.xlsx,,,,,,YES,,,,,,"map lamp: -, sun visor led light: w/o, サンルーフ: w/o",YES,,,,,,"map lamp: -, sun visor led light: w/o, サンルーフ: w/o",,,,,,,,,,,,,,,,,,関連表1_A(内外装安全)_XR6.xlsx,,,,,,YES,,,,,,,,,"map lamp: -, sun visor led light: w/o, サンルーフ: w/o",,,,,,,,,,,,,,,,,,,,,,,1,*,*,*,*,*,*,*,*,*,,,*,*,*,*,*,*,,,*,*,*,*,*,*,,,*,*,*,*,,,,
,MSTR-014-0091600-d0001,,,,,,,,,,,,,,,,,,,,,,,,,,,,,,,,,,,,,,,,,,,,,,,,,,,,,関連表1_A(内外装安全)_XR6.xlsx,,,,,,YES,,,,,,"map lamp: -, sun visor led light: w, サンルーフ: w",YES,,,,,,"map lamp: -, sun visor led light: w, サンルーフ: w",,,,,,,,,,,,,,,,,,関連表1_A(内外装安全)_XR6.xlsx,,,,,,YES,,,,,,,,,"map lamp: -, sun visor led light: w, サンルーフ: w",,,,,,,,,,,,,,,,,,,,,,,,,,,,,,,,,1,*,,,,,,,*,*,,,,,,,*,*,,,,,*,*,,
,MSTR-014-0092600,,,,,,,,,,,,,,,,,,,,,,,,,,,,,,,,,,,,,,,,,,,,,,,,,,,,,関連表1_A(内外装安全)_XR6.xlsx,,,,,,YES,,,,,,,YES,,,,,,,,,,,,,,,,,,,,,,,,関連表1_A(内外装安全)_XR6.xlsx,,,,,,YES,,,,,,,,,,,,,,,,,,,,,,,,,,,,,,,,1,*,*,*,*,*,*,*,*,*,*,*,*,*,*,*,*,*,*,*,*,*,*,*,*,*,*,*,*,*,*,*,*,*,,
,MSTR-014-0093300,,,,,,,,,,,,,,,,,,,,,,,,,,,,,,,,,,,,,,,,,,,,,,,,,,,,,関連表1_A(内外装安全)_XR6.xlsx,,,,,,YES,,,,,,,YES,,,,,,,,,,,,,,,,,,,,,,,,関連表1_A(内外装安全)_XR6.xlsx,,,,,,YES,,,,,,,,,,,,,,,,,,,,,,,,,,,,,,,,1,*,*,*,*,*,*,*,*,*,*,*,*,*,*,*,*,*,*,*,*,*,*,*,*,*,*,*,*,*,*,*,*,*,,
,MSTR-014-0096100,,,,,,,,,,,,,,,,,,,,,,,,,,,,,,,,,,,,,,,,,,,,,,,,,,,,,関連表1_A(内外装安全)_XR6.xlsx,,,,,,YES,,,,,,,YES,,,,,,,,,,,,,,,,,,,,,,,,関連表1_A(内外装安全)_XR6.xlsx,,,,,,YES,,,,,,,,,,,,,,,,,,,,,,,,,,,,,,,,1,*,*,*,*,*,*,*,*,*,*,*,*,*,*,*,*,*,*,*,*,*,*,*,*,*,*,*,*,*,*,*,*,*,,
,MSTR-014-0096700,,,,,,,,,,,,,,,,,,,,,,,,,,,,,,,,,,,,,,,,,,,,,,,,,,,,,関連表1_A(内外装安全)_XR6.xlsx,,,,,,YES,,,,,,,YES,,,,,,,,,,,,,,,,,,,,,,,,関連表1_A(内外装安全)_XR6.xlsx,,,,,,YES,,,,,,,,,,,,,,,,,,,,,,,,,,,,,,,,1,*,*,*,*,*,*,*,*,*,*,*,*,*,*,*,*,*,*,*,*,*,*,*,*,*,*,*,*,*,*,*,*,*,,
,MSTR-014-0097900,,,,,,,,,,,,,,,,,,,,,,,,,,,,,,,,,,,,,,,,,,,,,,,,,,,,,関連表1_A(内外装安全)_XR6.xlsx,,,,,,YES,,,,,,"fr bmpr-type: s1, rr bmpr-type: s, rr camera: w/o, fr camera: w/o",YES,,,,,,"fr bmpr-type: s1, rr bmpr-type: s, rr camera: w/o, fr camera: w/o",,,,,,,,,,,,,,,,,,関連表1_A(内外装安全)_XR6.xlsx,,,,,,YES,,,,,,,,,"fr bmpr-type: s1, rr bmpr-type: s, rr camera: w/o, fr camera: w/o",,,,,,,,,,,,,,,,,,,,,,,1,*,*,*,*,*,*,*,*,*,*,*,,,,,,,,,*,*,*,*,*,*,*,*,,,,,,,,
,MSTR-014-0097900-d0001,,,,,,,,,,,,,,,,,,,,,,,,,,,,,,,,,,,,,,,,,,,,,,,,,,,,,関連表1_A(内外装安全)_XR6.xlsx,,,,,,YES,,,,,,"fr bmpr-type: s2, rr bmpr-type: s, rr camera: w/o, fr camera: w/o",YES,,,,,,"fr bmpr-type: s2, rr bmpr-type: s, rr camera: w/o, fr camera: w/o",,,,,,,,,,,,,,,,,,関連表1_A(内外装安全)_XR6.xlsx,,,,,,YES,,,,,,,,,"fr bmpr-type: s2, rr bmpr-type: s, rr camera: w/o, fr camera: w/o",,,,,,,,,,,,,,,,,,,,,,,,,,,,,,,,,,,1,*,*,*,*,*,*,*,,,,,,,,,*,*,*,*,*,*,,
,MSTR-014-0098000,,,,,,,,,,,,,,,,,,,,,,,,,,,,,,,,,,,,,,,,,,,,,,,,,,,,,関連表1_A(内外装安全)_XR6.xlsx,,,,,,YES,,,,,,,YES,,,,,,,,,,,,,,,,,,,,,,,,関連表1_A(内外装安全)_XR6.xlsx,,,,,,YES,,,,,,,,,,,,,,,,,,,,,,,,,,,,,,,,1,*,*,*,*,*,*,*,*,*,*,*,*,*,*,*,*,*,*,*,*,*,*,*,*,*,*,*,*,*,*,*,*,*,,
,MSTR-014-0099000,,,,,,,,,,,,,,,,,,,,,,,,,,,,,,,,,,,,,,,,,,,,,,,,,,,,,関連表1_A(内外装安全)_XR6.xlsx,,,,,,YES,,,,,,"fr grill-type: -, fr camera: w/o",YES,,,,,,"fr grill-type: -, fr camera: w/o",,,,,,,,,,,,,,,,,,関連表1_A(内外装安全)_XR6.xlsx,,,,,,YES,,,,,,,,,"fr grill-type: -, fr camera: w/o",,,,,,,,,,,,,,,,,,,,,,,1,*,*,*,*,*,*,*,*,*,*,*,*,*,*,*,*,*,*,*,*,*,*,*,*,*,*,*,*,*,*,*,*,*,,
,MSTR-014-0099800,,,,,,,,,,,,,,,,,,,,,,,,,,,,,,,,,,,,,,,,,,,,,,,,,,,,,関連表1_A(内外装安全)_XR6.xlsx,,,,,,YES,,,,,,,YES,,,,,,,,,,,,,,,,,,,,,,,,関連表1_A(内外装安全)_XR6.xlsx,,,,,,YES,,,,,,,,,,,,,,,,,,,,,,,,,,,,,,,,1,*,*,*,*,*,*,*,*,*,*,*,*,*,*,*,*,*,*,*,*,*,*,*,*,*,*,*,*,*,*,*,*,*,,
,MSTR-014-0099900,,,,,,,,,,,,,,,,,,,,,,,,,,,,,,,,,,,,,,,,,,,,,,,,,,,,,関連表1_A(内外装安全)_XR6.xlsx,,,,,,YES,,,,,,,YES,,,,,,,,,,,,,,,,,,,,,,,,関連表1_A(内外装安全)_XR6.xlsx,,,,,,YES,,,,,,,,,,,,,,,,,,,,,,,,,,,,,,,,1,*,*,*,*,*,*,*,*,*,*,*,*,*,*,*,*,*,*,*,*,*,*,*,*,*,*,*,*,*,*,*,*,*,,
,MSTR-014-0100700,,,,,,,,,,,,,,,,,,,,,,,,,,,,,,,,,,,,,,,,,,,,,,,,,,,,,関連表1_A(内外装安全)_XR6.xlsx,,,,,,YES,,,,,,,YES,,,,,,,,,,,,,,,,,,,,,,,,関連表1_A(内外装安全)_XR6.xlsx,,,,,,YES,,,,,,,,,,,,,,,,,,,,,,,,,,,,,,,,1,*,*,*,*,*,*,*,*,*,*,*,*,*,*,*,*,*,*,*,*,*,*,*,*,*,*,*,*,*,*,*,*,*,,
,MSTR-014-0102000,,,,,,,,,,,,,,,,,,,,,,,,,,,,,,,,,,,,,,,,,,,,,,,,,,,,,関連表1_A(内外装安全)_XR6.xlsx,,,,,,YES,,,,,,,YES,,,,,,,,,,,,,,,,,,,,,,,,関連表1_A(内外装安全)_XR6.xlsx,,,,,,YES,,,,,,,,,,,,,,,,,,,,,,,,,,,,,,,,1,*,*,*,*,*,*,*,*,*,*,*,*,*,*,*,*,*,*,*,*,*,*,*,*,*,*,*,*,*,*,*,*,*,,
,MSTR-014-0102800,,,,,,,,,,,,,,,,,,,,,,,,,,,,,,,,,,,,,,,,,,,,,,,,,,,,,関連表1_A(内外装安全)_XR6.xlsx,,,,,,YES,,,,,,,YES,,,,,,,,,,,,,,,,,,,,,,,,関連表1_A(内外装安全)_XR6.xlsx,,,,,,YES,,,,,,,,,,,,,,,,,,,,,,,,,,,,,,,,1,*,*,*,*,*,*,*,*,*,*,*,*,*,*,*,*,*,*,*,*,*,*,*,*,*,*,*,*,*,*,*,*,*,,
,MSTR-014-0103400,,,,,,,,,,,,,,,,,,,,,,,,,,,,,,,,,,,,,,,,,,,,,,,,,,,,,関連表1_A(内外装安全)_XR6.xlsx,,,,,,YES,,,,,,,YES,,,,,,,,,,,,,,,,,,,,,,,,関連表1_A(内外装安全)_XR6.xlsx,,,,,,YES,,,,,,,,,,,,,,,,,,,,,,,,,,,,,,,,1,*,*,*,*,*,*,*,*,*,*,*,*,*,*,*,*,*,*,*,*,*,*,*,*,*,*,*,*,*,*,*,*,*,,
,MSTR-014-0103500,,,,,,,,,,,,,,,,,,,,,,,,,,,,,,,,,,,,,,,,,,,,,,,,,,,,,関連表1_A(内外装安全)_XR6.xlsx,,,,,,YES,,,,,,rear spoiler: -,YES,,,,,,rear spoiler: -,,,,,,,,,,,,,,,,,,関連表1_A(内外装安全)_XR6.xlsx,,,,,,YES,,,,,,,,,rear spoiler: -,,,,,,,,,,,,,,,,,,,,,,,1,*,*,*,*,*,*,*,*,*,*,*,*,*,*,*,*,*,*,*,*,*,*,*,*,*,*,*,*,*,*,*,*,*,,
,MSTR-014-0103600,,,,,,,,,,,,,,,,,,,,,,,,,,,,,,,,,,,,,,,,,,,,,,,,,,,,,関連表1_A(内外装安全)_XR6.xlsx,,,,,,YES,,,,,,,YES,,,,,,,,,,,,,,,,,,,,,,,,関連表1_A(内外装安全)_XR6.xlsx,,,,,,YES,,,,,,,,,,,,,,,,,,,,,,,,,,,,,,,,1,*,*,*,*,*,*,*,*,*,*,*,*,*,*,*,*,*,*,*,*,*,*,*,*,*,*,*,*,*,*,*,*,*,,
,MSTR-014-0103700,,,,,,,,,,,,,,,,,,,,,,,,,,,,,,,,,,,,,,,,,,,,,,,,,,,,,関連表1_A(内外装安全)_XR6.xlsx,,,,,,YES,,,,,,,YES,,,,,,,,,,,,,,,,,,,,,,,,関連表1_A(内外装安全)_XR6.xlsx,,,,,,YES,,,,,,,,,,,,,,,,,,,,,,,,,,,,,,,,1,*,*,*,*,*,*,*,*,*,*,*,*,*,*,*,*,*,*,*,*,*,*,*,*,*,*,*,*,*,*,*,*,*,,
,MSTR-014-0103900,,,,,,,,,,,,,,,,,,,,,,,,,,,,,,,,,,,,,,,,,,,,,,,,,,,,,関連表1_A(内外装安全)_XR6.xlsx,,,,,,YES,,,,,,,YES,,,,,,,,,,,,,,,,,,,,,,,,関連表1_A(内外装安全)_XR6.xlsx,,,,,,YES,,,,,,,,,,,,,,,,,,,,,,,,,,,,,,,,1,*,*,*,*,*,*,*,*,*,*,*,*,*,*,*,*,*,*,*,*,*,*,*,*,*,*,*,*,*,*,*,*,*,,
,MSTR-014-0104000,,,,,,,,,,,,,,,,,,,,,,,,,,,,,,,,,,,,,,,,,,,,,,,,,,,,,関連表1_A(内外装安全)_XR6.xlsx,,,,,,YES,,,,,,wheel covers-size: 17,YES,,,,,,wheel covers-size: 17,,,,,,,,,,,,,,,,,,関連表1_A(内外装安全)_XR6.xlsx,,,,,,YES,,,,,,,,,wheel covers-size: 17,,,,,,,,,,,,,,,,,,,,,,,1,*,*,*,*,*,*,*,*,*,*,*,,,,,,,,,*,*,*,*,*,*,*,*,,,,,,,,
,MSTR-014-0104000-d0001,,,,,,,,,,,,,,,,,,,,,,,,,,,,,,,,,,,,,,,,,,,,,,,,,,,,,関連表1_A(内外装安全)_XR6.xlsx,,,,,,YES,,,,,,wheel covers-size: 18,YES,,,,,,wheel covers-size: 18,,,,,,,,,,,,,,,,,,関連表1_A(内外装安全)_XR6.xlsx,,,,,,YES,,,,,,,,,wheel covers-size: 18,,,,,,,,,,,,,,,,,,,,,,,,,,,,,,,,,,,1,*,*,*,*,*,*,*,,,,,,,,,*,*,*,*,*,*,,
,MSTR-014-0104100,,,,,,,,,,,,,,,,,,,,,,,,,,,,,,,,,,,,,,,,,,,,,,,,,,,,,関連表1_A(内外装安全)_XR6.xlsx,,,,,,YES,,,,,,,YES,,,,,,,,,,,,,,,,,,,,,,,,関連表1_A(内外装安全)_XR6.xlsx,,,,,,YES,,,,,,,,,,,,,,,,,,,,,,,,,,,,,,,,1,*,*,*,*,*,*,*,*,*,*,*,*,*,*,*,*,*,*,*,*,*,*,*,*,*,*,*,*,*,*,*,*,*,,
,MSTR-014-0104200,,,,,,,,,,,,,,,,,,,,,,,,,,,,,,,,,,,,,,,,,,,,,,,,,,,,,関連表1_A(内外装安全)_XR6.xlsx,,,,,,YES,,,,,,,YES,,,,,,,,,,,,,,,,,,,,,,,,関連表1_A(内外装安全)_XR6.xlsx,,,,,,YES,,,,,,,,,,,,,,,,,,,,,,,,,,,,,,,,1,*,*,*,*,*,*,*,*,*,*,*,*,*,*,*,*,*,*,*,*,*,*,*,*,*,*,*,*,*,*,*,*,*,,
,MSTR-014-0104300,,,,,,,,,,,,,,,,,,,,,,,,,,,,,,,,,,,,,,,,,,,,,,,,,,,,,関連表1_A(内外装安全)_XR6.xlsx,,,,,,YES,,,,,,,YES,,,,,,,,,,,,,,,,,,,,,,,,関連表1_A(内外装安全)_XR6.xlsx,,,,,,YES,,,,,,,,,,,,,,,,,,,,,,,,,,,,,,,,1,*,*,*,*,*,*,*,*,*,*,*,*,*,*,*,*,*,*,*,*,*,*,*,*,*,*,*,*,*,*,*,*,*,,
,MSTR-014-0104400,,,,,,,,,,,,,,,,,,,,,,,,,,,,,,,,,,,,,,,,,,,,,,,,,,,,,関連表1_A(内外装安全)_XR6.xlsx,,,,,,YES,,,,,,fr side camera: w/o,YES,,,,,,fr side camera: w/o,,,,,,,,,,,,,,,,,,関連表1_A(内外装安全)_XR6.xlsx,,,,,,YES,,,,,,,,,fr side camera: w/o,,,,,,,,,,,,,,,,,,,,,,,1,*,*,*,*,*,*,*,*,*,*,*,*,*,*,*,*,*,*,*,*,*,*,*,*,*,*,*,*,*,*,*,*,*,,
,MSTR-014-0104500,,,,,,,,,,,,,,,,,,,,,,,,,,,,,,,,,,,,,,,,,,,,,,,,,,,,,関連表1_A(内外装安全)_XR6.xlsx,,,,,,YES,,,,,,"fr fog lamp: w/o, rr fog lamp: w/o",YES,,,,,,"fr fog lamp: w/o, rr fog lamp: w/o",,,,,,,,,,,,,,,,,,関連表1_A(内外装安全)_XR6.xlsx,,,,,,YES,,,,,,,,,"fr fog lamp: w/o, rr fog lamp: w/o",,,,,,,,,,,,,,,,,,,,,,,1,*,*,*,*,*,*,*,*,*,*,*,*,*,*,*,*,*,*,*,*,*,*,*,*,*,*,*,*,*,*,*,*,*,,
,MSTR-014-0104600,,,,,,,,,,,,,,,,,,,,,,,,,,,,,,,,,,,,,,,,,,,,,,,,,,,,,関連表1_A(内外装安全)_XR6.xlsx,,,,,,YES,,,,,,"mud guard: -, roof rail: w, roof rack: w/o",YES,,,,,,"mud guard: -, roof rail: w, roof rack: w/o",,,,,,,,,,,,,,,,,,関連表1_A(内外装安全)_XR6.xlsx,,,,,,YES,,,,,,,,,"mud guard: -, roof rail: w, roof rack: w/o",,,,,,,,,,,,,,,,,,,,,,,1,*,*,*,*,*,*,*,*,*,*,*,*,*,*,*,*,*,*,*,*,*,*,*,*,*,*,*,*,*,*,*,*,*,,
,MSTR-014-0153800,,,,,,,,,,,,,,,,,,,,,,,,,,,,,,,,,,,,,,,,,,,,,,,,,,,,,,,,,,,,,,,,,,,,,,,,,,,,,,,,,,,,,,,,,,関連表1_A(視界性能)_XR6.xlsx,,,,,,YES,,,,,,,,,,,,,,,,,,,,,,,,,,,,,,,,,,,,,,,,,,,,,,,,,,,,,,,,,,,,,,,,,,要望仕様が存在しない,"BRAKE LIGHT: ALL, STOP LIGHT: ALL"
,MSTR-014-0170000,,,,,,,,,,,,,,,,,,,,,,,,,,,,,,,,,,,,,,,,,,,,,,,,,,,,,関連表1_M(乗員判別)_XR6.xlsx,,,,,,YES,,,,,,"ventilated(heatercooler) seat: w/o, as seat heater: w/o, seat lining: s1",YES,,,,,,"ventilated(heatercooler) seat: w/o, as seat heater: w/o, seat lining: s1",,,,,,,,,,,,,,,,,,関連表1_M(乗員判別)_XR6.xlsx,,,,,,YES,,,,,,,,,"ventilated(heatercooler) seat: w/o, as seat heater: w/o, seat lining: s1",YES,,,,,,,,,"ventilated(heatercooler) seat: w/o, as seat heater: w/o, seat lining: s1",,,,,,,,,,,,,1,*,*,*,,,,,,,,,,,,,,,,,,,,,,,,,,,,,,,,
,MSTR-014-0170000-d0001,,,,,,,,,,,,,,,,,,,,,,,,,,,,,,,,,,,,,,,,,,,,,,,,,,,,,関連表1_M(乗員判別)_XR6.xlsx,,,,,,YES,,,,,,"ventilated(heatercooler) seat: w/o, as seat heater: w/o, seat lining: s3",YES,,,,,,"ventilated(heatercooler) seat: w/o, as seat heater: w/o, seat lining: s3",,,,,,,,,,,,,,,,,,関連表1_M(乗員判別)_XR6.xlsx,,,,,,YES,,,,,,,,,"ventilated(heatercooler) seat: w/o, as seat heater: w/o, seat lining: s3",YES,,,,,,,,,"ventilated(heatercooler) seat: w/o, as seat heater: w/o, seat lining: s3",,,,,,,,,,,,,,,,,,,,,1,*,*,*,,,,,,,,,,,,,*,*,*,*,,,,,,,,
,MSTR-014-0170000-d0002,,,,,,,,,,,,,,,,,,,,,,,,,,,,,,,,,,,,,,,,,,,,,,,,,,,,,関連表1_M(乗員判別)_XR6.xlsx,,,,,,YES,,,,,,"ventilated(heatercooler) seat: w/o, as seat heater: w/o, seat lining: s2",YES,,,,,,"ventilated(heatercooler) seat: w/o, as seat heater: w/o, seat lining: s2",,,,,,,,,,,,,,,,,,関連表1_M(乗員判別)_XR6.xlsx,,,,,,YES,,,,,,,,,"ventilated(heatercooler) seat: w/o, as seat heater: w/o, seat lining: s2",YES,,,,,,,,,"ventilated(heatercooler) seat: w/o, as seat heater: w/o, seat lining: s2",,,,,,,,,,,,,,,,,1,*,*,*,,,,,*,*,*,*,,,,,*,*,*,*,,,,,*,*,,,,,,
,MSTR-014-0170000-d0003,,,,,,,,,,,,,,,,,,,,,,,,,,,,,,,,,,,,,,,,,,,,,,,,,,,,,関連表1_M(乗員判別)_XR6.xlsx,,,,,,YES,,,,,,"ventilated(heatercooler) seat: w/o, as seat heater: w/o, seat lining: s4",YES,,,,,,"ventilated(heatercooler) seat: w/o, as seat heater: w/o, seat lining: s4",,,,,,,,,,,,,,,,,,関連表1_M(乗員判別)_XR6.xlsx,,,,,,YES,,,,,,,,,"ventilated(heatercooler) seat: w/o, as seat heater: w/o, seat lining: s4",YES,,,,,,,,,"ventilated(heatercooler) seat: w/o, as seat heater: w/o, seat lining: s4",,,,,,,,,,,,,,,,,,,,,,,,,,,,,1,*,*,*,,,,,,,,,,,*,*,*,*,,
,MSTR-014-0170800,,,,,,,,,,,,,,,,,,,,,,,,,,,,,,,,,,,,,,,,,,,,,,,,,,,,,,,,,,,,,,,,,,,,,,,,,,,,,,,,,,,,,,,,,,関連表1_A(視界性能)_XR6.xlsx,,,,,,YES,,,,,,,,,,,,,,,,,,,,,,,,,,,,,,,,,,,,,,,,,,,,,,,,,,,,,,,,,,,,,,,,,,要望仕様が存在しない,HEADLIGHT BEAM CONTROL: W
,MSTR-014-0170900,,,,,,,,,,,,,,,,,,,,,,,,,,,,,,,,,,,,,,,,,,,,,,,,,,,,,,,,,,,,,,,,,,,,,,,,,,,,,,,,,,,,,,,,,,関連表1_A(視界性能)_XR6.xlsx,,,,,,YES,,,,,,,,,,,,,,,,,,,,,,,,,,,,,,,,,,,,,,,,,,,,,,,,,,,,,,,,,,,,,,,,,,要望仕様が存在しない,"CORNERING RAMP: W, ADAPTIVE DRIVING BEAM (ADB): W"
,MSTR-014-0187400,,,,,,,,,,,,,,,,,,,,,,,,,,,,,,,,,,,,,,,,,,,,,,,,,,,,,,,,,,,,,,,,,,,,,,,,,,,,,,,,,,,,,,,,,,関連表1_A(視界性能)_XR6.xlsx,,,,,,YES,,,,,,,,,srvm: w,,,,,,,,,,,,,,,,,,,,,,,,,,,,,,,1,*,*,*,,,,,*,*,*,*,,,,,*,*,*,*,,,*,*,*,*,,
,MSTR-014-0187700,,,,,,,,,,,,,,,,,,,,,,,,,,,,,,,,,,,,,,,,,,,,,,,,,,,,,,,,,,,,,,,,,,,,,,,,,,,,,,,,,,,,,,,,,,関連表1_A(視界性能)_XR6.xlsx,,,,,,YES,,,,,,,,,srvm: w,,,,,,,,,,,,,,,,,,,,,,,,,,,,,,,1,*,*,*,,,,,*,*,*,*,,,,,*,*,*,*,,,*,*,*,*,,
,MSTR-014-0187800,,,,,,,,,,,,,,,,,,,,,,,,,,,,,,,,,,,,,,,,,,,,,,,,,,,,,,,,,,,,,,,,,,,,,,,,,,,,,,,,,,,,,,,,,,関連表1_A(視界性能)_XR6.xlsx,,,,,,YES,,,,,,,,,rr camera washer: w,,,,,,,,,,,,,,,,,,,,,,,1,*,*,*,*,*,*,*,*,*,*,*,*,*,*,*,*,*,*,*,*,*,*,*,*,*,*,*,*,*,*,*,*,*,,
,MSTR-014-0187900,,,,,,,,,,,,,,,,,,,,,,,,,,,,,,,,,,,,,,,,,,,,,,,,,,,,,,,,,,,,,,,,,,,,,,,,,,,,,,,,,,,,,,,,,,関連表1_A(視界性能)_XR6.xlsx,,,,,,YES,,,,,,,,,,,,,,,,,,,,,,,,,,,,,,,,,,,,,,,,,,,,,,,,,,,,,,,,,,,,,,,,,,要望仕様が存在しない,SCENE RECORDER: W
,MSTR-014-0213300,,,,,,,,,,,,,,,,,,,,,,,,,,,,,,,,,,,,,,,,,,,,,,,,,,,,,,,,,,,,,,,,,,,,,,,,,,,,,,,,,,,,,,,,,,関連表1_A(視界性能)_XR6.xlsx,,,,,,YES,,,,,,,,,,,,,,,,,,,,,,,,,,,,,,,,,,,,,,,,,,,,,,,,,,,,,,,,,,,,,,,,,,要望仕様が存在しない,CORNERING RAMP: W
