,,Item Classification,,,,Attribute Classification,,,,,,Connection with Alliance companies validation items,,,Structure of Evaluation item (Japanese),,,,,,,,,,Structure of Evaluation item (English),,,,,,,,,,Application,,,Deployment,,,,,,,,Achievement,,,,,,,,Digital Phase Evaluation,,,,,,,,,,,,,,,,,,,,,,,,,,,Physical Phase Confirmation,,,,,,,,,,,,,,,,,Physical Phase Evaluation,,,,,,,,,,,,,,,,,,,,,,,,,,,,,,,,,,,,,Market,EUR,EUR,EUR,EUR,EUR,EUR,EUR,EUR,EUR,EUR,EUR,EUR,EUR,EUR,EUR,EUR,TAIWAN,TAIWAN,TAIWAN,TAIWAN,,
,,,,,,,,,,,,,,,Performance Targets,,Vehicle Targets,,,Component Targets,,,,,Performance Targets,,Vehicle Targets,,,Component Targets,,,,,Development pattern,,,Section name,,Person in charge,,,,,,Section name,,Person in charge,,,,,,Digital,,,,,,,,,,,,,,,,,,,,,,,,,,,Physical Confirmation,,,,,,,,,,,,,,,,,Physical,,,,,,,,,,,,,,,,,,,,,,,,,,,,,,,,,,,,,Engine,7DQ,7DQ,7DQ,7DQ,7DQ,7DQ,7DQ,7DQ,7DQ,7DQ,7DQ,7DQ,7DQ,7DQ,7DQ,7DQ,7DQ,7DQ,7DQ,7DQ,,
,,,,,,,,,,,,,,,,,,,,,,,,,,,,,,,,,,,,,,,,,,,,,,,,,,,,,,Section name,,Person in charge,,,,DPFC,,,,,,,DS,,,,,,,DC,,,,,,,Section name,,Person in charge,,,,PFC,,,,,,,,,,,Section name,,Person in charge,,,,VC,,,,,,,,,,PT1,,,,,,,,,,PT2,,,,,,,,,,,Gearbox,ATM (FOR EV),ATM (FOR EV),ATM (FOR EV),ATM (FOR EV),ATM (FOR EV),ATM (FOR EV),ATM (FOR EV),ATM (FOR EV),ATM (FOR EV),ATM (FOR EV),ATM (FOR EV),ATM (FOR EV),ATM (FOR EV),ATM (FOR EV),ATM (FOR EV),ATM (FOR EV),ATM (FOR EV),ATM (FOR EV),ATM (FOR EV),ATM (FOR EV),,
,,,,,,,,,,,,,,,,,,,,,,,,,,,,,,,,,,,,,,,,,,,,,,,,,,,,,,,,,,,,,Evaluation result,,,,,,,Evaluation result,,,,,,,Evaluation result,,,,,,,,,,,,,PLAN,,Evaluation result,,,,,,,,,,,,,,,PLAN,Evaluation result,,,,,,,,,PLAN,Evaluation result,,,,,,,,,PLAN,Evaluation result,,,,,,,,,Axle,2WD,2WD,2WD,2WD,AWD,AWD,AWD,AWD,2WD,2WD,2WD,2WD,AWD,AWD,AWD,AWD,2WD,2WD,AWD,AWD,,
,,,,,,,,,,,,,,,,,,,,,,,,,,,,,,,,,,,,,,,,,,,,,,,,,,,,,,,,,,,,,First time,,,,Counter Measures,,,First time,,,,Counter Measures,,,First time,,,,Counter Measures,,,,,,,,,,,First time,,,,,Counter Measures,,,,,,,,,,,First time,,,,,Counter Measures,,,,,First time,,,,,Counter Measures,,,,,First time,,,,,Counter Measures,,,,Handle,LHD,LHD,LHD,LHD,LHD,LHD,LHD,LHD,RHD,RHD,RHD,RHD,RHD,RHD,RHD,RHD,LHD,LHD,LHD,LHD,,
Actions,CADICS No.,SNT,Regulations,PEP,Other,Good Design,Y0,Y0 No.,CAR recurrence prevention,Solution,Solution No.,Common Validation item,Procedure,Requirement,Step 1,Step 2,Step 1,Step 2,Step 3,Level 1,Level 2,Level 3,Level 4,Comment,Step 1,Step 2,Step 1,Step 2,Step 3,Level 1,Level 2,Level 3,Level 4,Comment,Digital evaluation,PF evaluation,Physical evaluation,KCA Project group,Team,Manager name,ID or Mail account,Name of person in charge,ID or Mail account,Target value,Comment,KCA Project group,Team,Manager name,ID or Mail account,Name of person in charge,ID or Mail account,Agreement of target,Comment,KCA Project group,Team,Manager name,ID or Mail account,Evaluation Responsible,ID or Mail account,DPFC_Evaluate or not,Result(OK/NOK),Report No.,	Number of Q-BASE,Q-BASE number,Result(OK/NOK),Comment,DS_Evaluate or not,Result(OK/NOK),Report No.,	Number of Q-BASE,Q-BASE number,Result(OK/NOK),Comment,Evaluate or not,Result(OK/NOK),Report No.,	Number of Q-BASE,Q-BASE number,Result(OK/NOK),Comment,KCA Project group,Team,Manager name,ID or Mail account,Evaluation Responsible,ID or Mail account,Evaluate or not,Confirmation first time date,Feedback timing,Result(OK/NOK),Confirmation completion date,Report No.,Number of Q-BASE,Q-BASE number,Result(OK/NOK),Confirmation completion date,Comment,KCA Project group,Team,Manager name,ID or Mail account,Evaluation Responsible,ID or Mail account,Evaluate or not,Confirmation first time date,Result(OK/NOK),Confirmation completion date,Report No.,Number of Q-BASE,Q-BASE number,Result(OK/NOK),Confirmation completion date,Comment,Evaluate or not,Confirmation first time date,Result(OK/NOK),Confirmation completion date,Report No.,Number of Q-BASE,Q-BASE number,Result(OK/NOK),Confirmation completion date,Comment,Evaluate or not,Confirmation first time date,Result(OK/NOK),Confirmation completion date,Report No.,Number of Q-BASE,Q-BASE number,Result(OK/NOK),Confirmation completion date,Comment,Common or unique applied validation,Lead Company,CONF-001,CONF-002,CONF-003,CONF-004,CONF-005,CONF-006,CONF-007,CONF-008,CONF-009,CONF-010,CONF-011,CONF-012,CONF-013,CONF-014,CONF-015,CONF-016,CONF-017,CONF-018,CONF-019,CONF-020,,
,MSTR-003-0082700,,,,,,,,,,,,,,,,,,,,,,,,,,,,,,,,,,,,,,,,,,,,,,,,,,,,,,,,,,,,,,,,,,,,,,,,,,,,,,,,関連表1_B(操安台上)_XQ2.xlsx,,,,,,YES,,,,,,,,,,"axle: awd, サンルーフ: w",,,,,,,,,,,,,,,,,,,,,,,,,,,,,,,,,,,,,,,,,,,,,,1,,,,,,,,*,,,,,,
,MSTR-003-0082700-d0001,,,,,,,,,,,,,,,,,,,,,,,,,,,,,,,,,,,,,,,,,,,,,,,,,,,,,,,,,,,,,,,,,,,,,,,,,,,,,,,,,,,,,,,,,,,,,,,,,関連表1_B(操安台上)_XQ2.xlsx,,,,,,YES,,,,,,,,,"axle: 2wd, サンルーフ: w/o",,,,,,,,,,,,,,,,,,,,,,,1,*,,,,,,,*,*,,,,,,,,,,,,
,MSTR-003-0082700-d00010,,,,,,,,,,,,,,,,,,,,,,,,,,,,,,,,,,,,,,,,,,,,,,,,,,,,,,,,,,,,,,,,,,,,,,,,,,,,,,,,,,,,,,,,,,,,,,,,,関連表1_B(操安台上)_XQ3.xlsx,,,,,,YES,,,,,,,,,"axle: awd, サンルーフ: w",,,,,,,,,,,,,,,,,,,,,,,,,,,,,1,*,,,,,,,*,*,,,,,,
,MSTR-003-0082700-d0002,,,,,,,,,,,,,,,,,,,,,,,,,,,,,,,,,,,,,,,,,,,,,,,,,,,,,,,,,,,,,,,,,,,,,,,,,,,,,,,,関連表1_B(操安台上)_XQ2.xlsx,,,,,,YES,,,,,,,,,,"axle: 2wd, サンルーフ: w",,,,,,,,,,,,,,,,,,,,,,,,,,,,,,,,,,,,,,,,,,*,,,,,,,,1,,,,,,,,,,
,MSTR-003-0082700-d0003,,,,,,,,,,,,,,,,,,,,,,,,,,,,,,,,,,,,,,,,,,,,,,,,,,,,,,,,,,,,,,,,,,,,,,,,,,,,,,,,,,,,,,,,,,,,,,,,,関連表1_B(操安台上)_XQ2.xlsx,,,,,,YES,,,,,,,,,"axle: 2wd, サンルーフ: w",,,,,,,,,,,,,,,,,,,,,,,,,1,*,,,,,,,*,*,,,,,,,,,,
,MSTR-003-0082700-d0004,,,,,,,,,,,,,,,,,,,,,,,,,,,,,,,,,,,,,,,,,,,,,,,,,,,,,,,,,,,,,,,,,,,,,,,,,,,,,,,,,,,,,,,,,,,,,,,,,関連表1_B(操安台上)_XQ2.xlsx,,,,,,YES,,,,,,,,,"axle: awd, サンルーフ: w/o",,,,,,,,,,,,,,,,,,,,,,,,,,,1,*,,,,,,,*,*,,,,,,,,
,MSTR-003-0082700-d0005,,,,,,,,,,,,,,,,,,,,,,,,,,,,,,,,,,,,,,,,,,,,,,,,,,,,,,,,,,,,,,,,,,,,,,,,,,,,,,,,,,,,,,,,,,,,,,,,,関連表1_B(操安台上)_XQ2.xlsx,,,,,,YES,,,,,,,,,"axle: awd, サンルーフ: w",,,,,,,,,,,,,,,,,,,,,,,,,,,,,1,*,,,,,,,*,*,,,,,,
,MSTR-003-0082700-d0006,,,,,,,,,,,,,,,,,,,,,,,,,,,,,,,,,,,,,,,,,,,,,,,,,,,,,,,,,,,,,,,,,,,,,,,,,,,,,,,,関連表1_B(操安台上)_XQ3.xlsx,,,,,,YES,,,,,,,,,,"axle: 2wd, サンルーフ: w",,,,,,,,,,,,,,,,,,,,,,,,,,,,,,,,,,,,,,,,,,*,,,,,,,,1,,,,,,,,,,
,MSTR-003-0082700-d0007,,,,,,,,,,,,,,,,,,,,,,,,,,,,,,,,,,,,,,,,,,,,,,,,,,,,,,,,,,,,,,,,,,,,,,,,,,,,,,,,,,,,,,,,,,,,,,,,,関連表1_B(操安台上)_XQ3.xlsx,,,,,,YES,,,,,,,,,"axle: 2wd, サンルーフ: w",,,,,,,,,,,,,,,,,,,,,,,,,1,*,,,,,,,*,*,,,,,,,,,,
,MSTR-003-0082700-d0008,,,,,,,,,,,,,,,,,,,,,,,,,,,,,,,,,,,,,,,,,,,,,,,,,,,,,,,,,,,,,,,,,,,,,,,,,,,,,,,,,,,,,,,,,,,,,,,,,関連表1_B(操安台上)_XQ3.xlsx,,,,,,YES,,,,,,,,,"axle: awd, サンルーフ: w/o",,,,,,,,,,,,,,,,,,,,,,,,,,,1,*,,,,,,,*,*,,,,,,,,
,MSTR-003-0082800,,,,,,,,,,,,,,,,,,,,,,,,,,,,,,,,,,,,,,,,,,,,,,,,,,,,,,,,,,,,,,,,,,,,,,,,,,,,,,,,関連表1_B(操安台上)_XQ3.xlsx,,,,,,YES,,,,,,,,,,"axle: awd, サンルーフ: w",,,,,,,,,,,,,,,,,,,,,,,,,,,,,,,,,,,,,,,,,,,,,,,,,,,,,,1,,,,,,
,MSTR-003-0082800-d0001,,,,,,,,,,,,,,,,,,,,,,,,,,,,,,,,,,,,,,,,,,,,,,,,,,,,,,,,,,,,,,,,,,,,,,,,,,,,,,,,,,,,,,,,,,,,,,,,,関連表1_B(操安台上)_XQ2.xlsx,,,,,,YES,,,,,,,,,"axle: 2wd, サンルーフ: w/o",,,,,,,,,,,,,,,,,,,,,,,1,*,,,,,,,*,*,,,,,,,,,,,,
,MSTR-003-0082800-d00010,,,,,,,,,,,,,,,,,,,,,,,,,,,,,,,,,,,,,,,,,,,,,,,,,,,,,,,,,,,,,,,,,,,,,,,,,,,,,,,,,,,,,,,,,,,,,,,,,関連表1_B(操安台上)_XQ3.xlsx,,,,,,YES,,,,,,,,,"axle: awd, サンルーフ: w",,,,,,,,,,,,,,,,,,,,,,,,,,,,,1,*,,,,,,,*,*,,,,,,
,MSTR-003-0082800-d0002,,,,,,,,,,,,,,,,,,,,,,,,,,,,,,,,,,,,,,,,,,,,,,,,,,,,,,,,,,,,,,,,,,,,,,,,,,,,,,,,関連表1_B(操安台上)_XQ2.xlsx,,,,,,YES,,,,,,,,,,"axle: 2wd, サンルーフ: w",,,,,,,,,,,,,,,,,,,,,,,,,,,,,,,,,,,,,,,,,,*,,,,,,,,1,,,,,,,,,,
,MSTR-003-0082800-d0003,,,,,,,,,,,,,,,,,,,,,,,,,,,,,,,,,,,,,,,,,,,,,,,,,,,,,,,,,,,,,,,,,,,,,,,,,,,,,,,,,,,,,,,,,,,,,,,,,関連表1_B(操安台上)_XQ2.xlsx,,,,,,YES,,,,,,,,,"axle: 2wd, サンルーフ: w",,,,,,,,,,,,,,,,,,,,,,,,1,*,,,1,,*,,,,,,,,,*,,*,,,
,MSTR-003-0082800-d0004,,,,,,,,,,,,,,,,,,,,,,,,,,,,,,,,,,,,,,,,,,,,,,,,,,,,,,,,,,,,,,,,,,,,,,,,,,,,,,,,,,,,,,,,,,,,,,,,,関連表1_B(操安台上)_XQ2.xlsx,,,,,,YES,,,,,,,,,"axle: awd, サンルーフ: w/o",,,,,,,,,,,,,,,,,,,,,,,,,,,1,*,,,,,,,*,*,,,,,,,,
,MSTR-003-0082800-d0005,,,,,,,,,,,,,,,,,,,,,,,,,,,,,,,,,,,,,,,,,,,,,,,,,,,,,,,,,,,,,,,,,,,,,,,,,,,,,,,,関連表1_B(操安台上)_XQ3.xlsx,,,,,,YES,,,,,,,,,,"axle: 2wd, サンルーフ: w",,,,,,,,,,,,,,,,,,,,,,,,,,,,,,,,,,,,,,,,,,,,,*,,,,,,,1,,*,,,,,,
,MSTR-003-0082800-d0006,,,,,,,,,,,,,,,,,,,,,,,,,,,,,,,,,,,,,,,,,,,,,,,,,,,,,,,,,,,,,,,,,,,,,,,,,,,,,,,,,,,,,,,,,,,,,,,,,関連表1_B(操安台上)_XQ3.xlsx,,,,,,YES,,,,,,,,,"axle: 2wd, サンルーフ: w",,,,,,,,,,,,,,,,,,,,,,,,,1,*,,,,,,,*,*,,,,,,,,,,
,MSTR-003-0082800-d0008,,,,,,,,,,,,,,,,,,,,,,,,,,,,,,,,,,,,,,,,,,,,,,,,,,,,,,,,,,,,,,,,,,,,,,,,,,,,,,,,,,,,,,,,,,,,,,,,,関連表1_B(操安台上)_XQ3.xlsx,,,,,,YES,,,,,,,,,"axle: awd, サンルーフ: w/o",,,,,,,,,,,,,,,,,,,,,,,,,,,1,*,,,,,,,*,*,,,,,,,,
,MSTR-003-0082900,,,,,,,,,,,,,,,,,,,,,,,,,,,,,,,,,,,,,,,,,,,,,,,,,,,,,,,,,,,,,,,,,,,,,,,,,,,,,,,,,,,,,,,,,,,,,,,,,関連表1_B(操安台上)_XQ3.xlsx,,,,,,YES,,,,,,,,,"axle: 2wd, サンルーフ: w/o",,,,,,,,,,,,,,,,,,,,,,,,1,,*,,,,,,,,,,,,1,,*,*,,,
,MSTR-003-0082900-d0001,,,,,,,,,,,,,,,,,,,,,,,,,,,,,,,,,,,,,,,,,,,,,,,,,,,,,,,,,,,,,,,,,,,,,,,,,,,,,,,,,,,,,,,,,,,,,,,,,関連表1_B(操安台上)_XQ3.xlsx,,,,,,YES,,,,,,,,,"axle: awd, サンルーフ: w",,,,,,,,,,,,,,,,,,,,,,,1,,,*,,,,,,,,,,,,,,,,,,
,MSTR-003-0082900-d0002,,,,,,,,,,,,,,,,,,,,,,,,,,,,,,,,,,,,,,,,,,,,,,,,,,,,,,,,,,,,,,,,,,,,,,,,,,,,,,,,,,,,,,,,,,,,,,,,,関連表1_B(操安台上)_XQ2.xlsx,,,,,,YES,,,,,,,,,"axle: 2wd, サンルーフ: w",,,,,,,,,,,,,,,,,,,,,,,,,1,*,,,,,,,*,*,,,,,,,,,,
,MSTR-003-0082900-d0003,,,,,,,,,,,,,,,,,,,,,,,,,,,,,,,,,,,,,,,,,,,,,,,,,,,,,,,,,,,,,,,,,,,,,,,,,,,,,,,,関連表1_B(操安台上)_XQ2.xlsx,,,,,,YES,,,,,,,,,,"axle: 2wd, サンルーフ: w",,,,,,,,,,,,,,,,,,,,,,,,,,,,,,,,,,,,,,,,,,*,,,,,,,,1,,,,,,,,,,
,MSTR-003-0082900-d0004,,,,,,,,,,,,,,,,,,,,,,,,,,,,,,,,,,,,,,,,,,,,,,,,,,,,,,,,,,,,,,,,,,,,,,,,,,,,,,,,,,,,,,,,,,,,,,,,,関連表1_B(操安台上)_XQ2.xlsx,,,,,,YES,,,,,,,,,"axle: awd, サンルーフ: w/o",,,,,,,,,,,,,,,,,,,,,,,,,,,1,*,,,,,,,*,*,,,,,,,,
,MSTR-003-0082900-d0005,,,,,,,,,,,,,,,,,,,,,,,,,,,,,,,,,,,,,,,,,,,,,,,,,,,,,,,,,,,,,,,,,,,,,,,,,,,,,,,,,,,,,,,,,,,,,,,,,関連表1_B(操安台上)_XQ2.xlsx,,,,,,YES,,,,,,,,,"axle: awd, サンルーフ: w",,,,,,,,,,,,,,,,,,,,,,,,,,,,,*,,,,,,1,,*,,,,,,,
,MSTR-003-0082900-d0007,,,,,,,,,,,,,,,,,,,,,,,,,,,,,,,,,,,,,,,,,,,,,,,,,,,,,,,,,,,,,,,,,,,,,,,,,,,,,,,,,,,,,,,,,,,,,,,,,関連表1_B(操安台上)_XQ3.xlsx,,,,,,YES,,,,,,,,,"axle: 2wd, サンルーフ: w",,,,,,,,,,,,,,,,,,,,,,,,,1,*,,,,,,,*,*,,,,,,,,,,
,MSTR-003-0082900-d0009,,,,,,,,,,,,,,,,,,,,,,,,,,,,,,,,,,,,,,,,,,,,,,,,,,,,,,,,,,,,,,,,,,,,,,,,,,,,,,,,,,,,,,,,,,,,,,,,,関連表1_B(操安台上)_XQ3.xlsx,,,,,,YES,,,,,,,,,"axle: awd, サンルーフ: w/o",,,,,,,,,,,,,,,,,,,,,,,,,,,1,*,,,,,,,*,*,,,,,,,,
,MSTR-003-0083000,,,,,,,,,,,,,,,,,,,,,,,,,,,,,,,,,,,,,,,,,,,,,,,,,,,,,,,,,,,,,,,,,,,,,,,,,,,,,,,,関連表1_B(操安台上)_XQ3.xlsx,,,,,,YES,,,,,,,,,,"axle: awd, サンルーフ: w",,,,,,,,,,,,,,,,,,,,,,,,,,,,,,,,,,,,,,,,,,,,,,,,,,,,,1,*,,,,,,
,MSTR-003-0083000-d0001,,,,,,,,,,,,,,,,,,,,,,,,,,,,,,,,,,,,,,,,,,,,,,,,,,,,,,,,,,,,,,,,,,,,,,,,,,,,,,,,,,,,,,,,,,,,,,,,,関連表1_B(操安台上)_XQ3.xlsx,,,,,,YES,,,,,,,,,"axle: awd, サンルーフ: w",,,,,,,,,,,,,,,,,,,,,,,,1,,*,,,,,,,,,1,,*,,,*,*,,,
,MSTR-003-0083000-d0002,,,,,,,,,,,,,,,,,,,,,,,,,,,,,,,,,,,,,,,,,,,,,,,,,,,,,,,,,,,,,,,,,,,,,,,,,,,,,,,,,,,,,,,,,,,,,,,,,関連表1_B(操安台上)_XQ2.xlsx,,,,,,YES,,,,,,,,,"axle: 2wd, サンルーフ: w",,,,,,,,,,,,,,,,,,,,,,,,,1,*,,,,,,,*,*,,,,,,,,,,
,MSTR-003-0083000-d0003,,,,,,,,,,,,,,,,,,,,,,,,,,,,,,,,,,,,,,,,,,,,,,,,,,,,,,,,,,,,,,,,,,,,,,,,,,,,,,,,,,,,,,,,,,,,,,,,,関連表1_B(操安台上)_XQ3.xlsx,,,,,,YES,,,,,,,,,"axle: 2wd, サンルーフ: w/o",,,,,,,,,,,,,,,,,,,,,,,,1,*,,,,,*,,,,,,,,,,*,,*,,
,MSTR-003-0083000-d0004,,,,,,,,,,,,,,,,,,,,,,,,,,,,,,,,,,,,,,,,,,,,,,,,,,,,,,,,,,,,,,,,,,,,,,,,,,,,,,,,,,,,,,,,,,,,,,,,,関連表1_B(操安台上)_XQ2.xlsx,,,,,,YES,,,,,,,,,"axle: awd, サンルーフ: w/o",,,,,,,,,,,,,,,,,,,,,,,,,,,1,*,,,,,,,*,*,,,,,,,,
,MSTR-003-0083000-d0005,,,,,,,,,,,,,,,,,,,,,,,,,,,,,,,,,,,,,,,,,,,,,,,,,,,,,,,,,,,,,,,,,,,,,,,,,,,,,,,,,,,,,,,,,,,,,,,,,関連表1_B(操安台上)_XQ3.xlsx,,,,,,YES,,,,,,,,,"axle: 2wd, サンルーフ: w",,,,,,,,,,,,,,,,,,,,,,,,,,,,1,,*,,,,,1,,*,,,,,,,
,MSTR-003-0083000-d0007,,,,,,,,,,,,,,,,,,,,,,,,,,,,,,,,,,,,,,,,,,,,,,,,,,,,,,,,,,,,,,,,,,,,,,,,,,,,,,,,関連表1_B(操安台上)_XQ3.xlsx,,,,,,YES,,,,,,,,,,"axle: 2wd, サンルーフ: w",,,,,,,,,,,,,,,,,,,,,,,,,,,,,,,,,,,,,,,,,,*,,,,,,,,1,,,,,,,,,,
,MSTR-003-0083000-d0008,,,,,,,,,,,,,,,,,,,,,,,,,,,,,,,,,,,,,,,,,,,,,,,,,,,,,,,,,,,,,,,,,,,,,,,,,,,,,,,,,,,,,,,,,,,,,,,,,関連表1_B(操安台上)_XQ3.xlsx,,,,,,YES,,,,,,,,,"axle: awd, サンルーフ: w/o",,,,,,,,,,,,,,,,,,,,,,,,,,,1,*,,,,,,,*,*,,,,,,,,
,MSTR-003-0083100,,,,,,,,,,,,,,,,,,,,,,,,,,,,,,,,,,,,,,,,,,,,,,,,,,,,,,,,,,,,,,,,,,,,,,,,,,,,,,,,,,,,,,,,,,,,,,,,,関連表1_B(操安台上)_XQ2.xlsx,,,,,,YES,,,,,,,,,"axle: 2wd, サンルーフ: w/o",,,,,,,,,,,,,,,,,,,,,,,1,*,,,,,,,*,*,,,,,,,,,,,,
,MSTR-003-0083100-d0001,,,,,,,,,,,,,,,,,,,,,,,,,,,,,,,,,,,,,,,,,,,,,,,,,,,,,,,,,,,,,,,,,,,,,,,,,,,,,,,,関連表1_B(操安台上)_XQ2.xlsx,,,,,,YES,,,,,,,,,,"axle: awd, サンルーフ: w",,,,,,,,,,,,,,,,,,,,,,,,,,,,,,,,,,,,,,,1,,*,,,,,,,,,,,,1,,,*,,*,,
,MSTR-003-0083100-d00010,,,,,,,,,,,,,,,,,,,,,,,,,,,,,,,,,,,,,,,,,,,,,,,,,,,,,,,,,,,,,,,,,,,,,,,,,,,,,,,,,,,,,,,,,,,,,,,,,関連表1_B(操安台上)_XQ3.xlsx,,,,,,YES,,,,,,,,,"axle: awd, サンルーフ: w",,,,,,,,,,,,,,,,,,,,,,,,,,,,,1,*,,,,,,,*,*,,,,,,
,MSTR-003-0083100-d0002,,,,,,,,,,,,,,,,,,,,,,,,,,,,,,,,,,,,,,,,,,,,,,,,,,,,,,,,,,,,,,,,,,,,,,,,,,,,,,,,関連表1_B(操安台上)_XQ2.xlsx,,,,,,YES,,,,,,,,,,"axle: 2wd, サンルーフ: w",,,,,,,,,,,,,,,,,,,,,,,,,,,,,,,,,,,,,,,,,,*,,,,,,,,1,,,,,,,,,,
,MSTR-003-0083100-d0003,,,,,,,,,,,,,,,,,,,,,,,,,,,,,,,,,,,,,,,,,,,,,,,,,,,,,,,,,,,,,,,,,,,,,,,,,,,,,,,,関連表1_B(操安台上)_XQ3.xlsx,,,,,,YES,,,,,,,,,,"axle: awd, サンルーフ: w",,,,,,,,,,,,,,,,,,,,,,,,,,,,,,,,,,,,,,,,,,,1,,*,,,,,,,,,*,,,,,,
,MSTR-003-0083100-d0004,,,,,,,,,,,,,,,,,,,,,,,,,,,,,,,,,,,,,,,,,,,,,,,,,,,,,,,,,,,,,,,,,,,,,,,,,,,,,,,,,,,,,,,,,,,,,,,,,関連表1_B(操安台上)_XQ2.xlsx,,,,,,YES,,,,,,,,,"axle: awd, サンルーフ: w/o",,,,,,,,,,,,,,,,,,,,,,,,,,,1,,*,,,1,,*,,,,,,,,,,
,MSTR-003-0083100-d0005,,,,,,,,,,,,,,,,,,,,,,,,,,,,,,,,,,,,,,,,,,,,,,,,,,,,,,,,,,,,,,,,,,,,,,,,,,,,,,,,関連表1_B(操安台上)_XQ3.xlsx,,,,,,YES,,,,,,,,,,"axle: 2wd, サンルーフ: w",,,,,,,,,,,,,,,,,,,,,,,,,,,,,,,,,,,,,,,,,,,,,,*,,,,,1,,*,,,,,,,
,MSTR-003-0083100-d0008,,,,,,,,,,,,,,,,,,,,,,,,,,,,,,,,,,,,,,,,,,,,,,,,,,,,,,,,,,,,,,,,,,,,,,,,,,,,,,,,,,,,,,,,,,,,,,,,,関連表1_B(操安台上)_XQ3.xlsx,,,,,,YES,,,,,,,,,"axle: awd, サンルーフ: w/o",,,,,,,,,,,,,,,,,,,,,,,,,,,1,*,,,,,,,*,*,,,,,,,,
,MSTR-003-0083200,,,,,,,,,,,,,,,,,,,,,,,,,,,,,,,,,,,,,,,,,,,,,,,,,,,,,,,,,,,,,,,,,,,,,,,,,,,,,,,,関連表1_B(操安台上)_XQ2.xlsx,,,,,,YES,,,,,,,,,,"axle: awd, サンルーフ: w",,,,,,,,,,,,,,,,,,,,,,,,,,,,,,,,,,,,,,,,,,,,,,1,,,,,,,,*,,,,,,
,MSTR-003-0083200-d0001,,,,,,,,,,,,,,,,,,,,,,,,,,,,,,,,,,,,,,,,,,,,,,,,,,,,,,,,,,,,,,,,,,,,,,,,,,,,,,,,関連表1_B(操安台上)_XQ3.xlsx,,,,,,YES,,,,,,,,,,"axle: awd, サンルーフ: w",,,,,,,,,,,,,,,,,,,,,,,,,,,,,,,,,,,,,,,,1,*,,,,,,,,,,,,*,,,*,,*,,
,MSTR-003-0083200-d00010,,,,,,,,,,,,,,,,,,,,,,,,,,,,,,,,,,,,,,,,,,,,,,,,,,,,,,,,,,,,,,,,,,,,,,,,,,,,,,,,,,,,,,,,,,,,,,,,,関連表1_B(操安台上)_XQ3.xlsx,,,,,,YES,,,,,,,,,"axle: awd, サンルーフ: w",,,,,,,,,,,,,,,,,,,,,,,,,,,,,1,*,,,,,,,*,*,,,,,,
,MSTR-003-0083200-d0002,,,,,,,,,,,,,,,,,,,,,,,,,,,,,,,,,,,,,,,,,,,,,,,,,,,,,,,,,,,,,,,,,,,,,,,,,,,,,,,,,,,,,,,,,,,,,,,,,関連表1_B(操安台上)_XQ3.xlsx,,,,,,YES,,,,,,,,,"axle: 2wd, サンルーフ: w/o",,,,,,,,,,,,,,,,,,,,,,,1,,*,,,,,*,,,,,,,,,*,,*,,,
,MSTR-003-0083200-d0003,,,,,,,,,,,,,,,,,,,,,,,,,,,,,,,,,,,,,,,,,,,,,,,,,,,,,,,,,,,,,,,,,,,,,,,,,,,,,,,,,,,,,,,,,,,,,,,,,関連表1_B(操安台上)_XQ2.xlsx,,,,,,YES,,,,,,,,,"axle: 2wd, サンルーフ: w",,,,,,,,,,,,,,,,,,,,,,,,,1,*,,,,,,,*,*,,,,,,,,,,
,MSTR-003-0083200-d0004,,,,,,,,,,,,,,,,,,,,,,,,,,,,,,,,,,,,,,,,,,,,,,,,,,,,,,,,,,,,,,,,,,,,,,,,,,,,,,,,,,,,,,,,,,,,,,,,,関連表1_B(操安台上)_XQ2.xlsx,,,,,,YES,,,,,,,,,"axle: awd, サンルーフ: w/o",,,,,,,,,,,,,,,,,,,,,,,,,,,,,*,,,1,,*,,,,,,,,,,
,MSTR-003-0083200-d0005,,,,,,,,,,,,,,,,,,,,,,,,,,,,,,,,,,,,,,,,,,,,,,,,,,,,,,,,,,,,,,,,,,,,,,,,,,,,,,,,,,,,,,,,,,,,,,,,,関連表1_B(操安台上)_XQ2.xlsx,,,,,,YES,,,,,,,,,"axle: awd, サンルーフ: w",,,,,,,,,,,,,,,,,,,,,,,,,,,1,,*,,,,,,,1,,*,,,,,,
,MSTR-003-0083200-d0008,,,,,,,,,,,,,,,,,,,,,,,,,,,,,,,,,,,,,,,,,,,,,,,,,,,,,,,,,,,,,,,,,,,,,,,,,,,,,,,,,,,,,,,,,,,,,,,,,関連表1_B(操安台上)_XQ3.xlsx,,,,,,YES,,,,,,,,,"axle: awd, サンルーフ: w/o",,,,,,,,,,,,,,,,,,,,,,,,,,,1,*,,,,,,,*,*,,,,,,,,
,MSTR-003-0083300,,,,,,,,,,,,,,,,,,,,,,,,,,,,,,,,,,,,,,,,,,,,,,,,,,,,,,,,,,,,,,,,,,,,,,,,,,,,,,,,,,,,,,,,,,,,,,,,,関連表1_B(操安台上)_XQ3.xlsx,,,,,,YES,,,,,,,,,"axle: 2wd, サンルーフ: w/o",,,,,,,,,,,,,,,,,,,,,,,1,1,*,*,,,,,,,,,,,,,*,*,*,*,,
,MSTR-003-0083300-d0001,,,,,,,,,,,,,,,,,,,,,,,,,,,,,,,,,,,,,,,,,,,,,,,,,,,,,,,,,,,,,,,,,,,,,,,,,,,,,,,,関連表1_B(操安台上)_XQ2.xlsx,,,,,,YES,,,,,,,,,,"axle: awd, サンルーフ: w",,,,,,,,,,,,,,,,,,,,,,,,,,,,,,,,,,,,,,,,,,,,,,,,,,,,,,,,,1,,,
,MSTR-003-0083300-d0002,,,,,,,,,,,,,,,,,,,,,,,,,,,,,,,,,,,,,,,,,,,,,,,,,,,,,,,,,,,,,,,,,,,,,,,,,,,,,,,,,,,,,,,,,,,,,,,,,関連表1_B(操安台上)_XQ2.xlsx,,,,,,YES,,,,,,,,,"axle: 2wd, サンルーフ: w",,,,,,,,,,,,,,,,,,,,,,,,,1,*,,,,,,,*,*,,,,,,,,,,
,MSTR-003-0083300-d0003,,,,,,,,,,,,,,,,,,,,,,,,,,,,,,,,,,,,,,,,,,,,,,,,,,,,,,,,,,,,,,,,,,,,,,,,,,,,,,,,関連表1_B(操安台上)_XQ2.xlsx,,,,,,YES,,,,,,,,,,"axle: 2wd, サンルーフ: w",,,,,,,,,,,,,,,,,,,,,,,,,,,,,,,,,,,,,,,,,,*,,,,,,,,1,,,,,,,,,,
,MSTR-003-0083300-d0004,,,,,,,,,,,,,,,,,,,,,,,,,,,,,,,,,,,,,,,,,,,,,,,,,,,,,,,,,,,,,,,,,,,,,,,,,,,,,,,,,,,,,,,,,,,,,,,,,関連表1_B(操安台上)_XQ2.xlsx,,,,,,YES,,,,,,,,,"axle: awd, サンルーフ: w/o",,,,,,,,,,,,,,,,,,,,,,,,,,,1,*,,,,,,,*,*,,,,,,,,
,MSTR-003-0083300-d0005,,,,,,,,,,,,,,,,,,,,,,,,,,,,,,,,,,,,,,,,,,,,,,,,,,,,,,,,,,,,,,,,,,,,,,,,,,,,,,,,,,,,,,,,,,,,,,,,,関連表1_B(操安台上)_XQ2.xlsx,,,,,,YES,,,,,,,,,"axle: awd, サンルーフ: w",,,,,,,,,,,,,,,,,,,,,,,,,,,,,1,*,,,,,,,*,*,,,,,,
,MSTR-003-0083300-d0006,,,,,,,,,,,,,,,,,,,,,,,,,,,,,,,,,,,,,,,,,,,,,,,,,,,,,,,,,,,,,,,,,,,,,,,,,,,,,,,,関連表1_B(操安台上)_XQ3.xlsx,,,,,,YES,,,,,,,,,,"axle: 2wd, サンルーフ: w",,,,,,,,,,,,,,,,,,,,,,,,,,,,,,,,,,,,,,,,,,*,,,,,,,,1,,,,,,,,,,
,MSTR-003-0083300-d0007,,,,,,,,,,,,,,,,,,,,,,,,,,,,,,,,,,,,,,,,,,,,,,,,,,,,,,,,,,,,,,,,,,,,,,,,,,,,,,,,,,,,,,,,,,,,,,,,,関連表1_B(操安台上)_XQ3.xlsx,,,,,,YES,,,,,,,,,"axle: 2wd, サンルーフ: w",,,,,,,,,,,,,,,,,,,,,,,,,1,*,,,,,,,*,*,,,,,,,,,,
,MSTR-003-0083300-d0009,,,,,,,,,,,,,,,,,,,,,,,,,,,,,,,,,,,,,,,,,,,,,,,,,,,,,,,,,,,,,,,,,,,,,,,,,,,,,,,,,,,,,,,,,,,,,,,,,関連表1_B(操安台上)_XQ3.xlsx,,,,,,YES,,,,,,,,,"axle: awd, サンルーフ: w/o",,,,,,,,,,,,,,,,,,,,,,,,,,,1,*,,,,,,,*,*,,,,,,,,
,MSTR-014-0044800,,,,,,,,,,,,,,,,,,,,,,,,,,,,,,,,,,,,,,,,,,,,,,,,,,,,,関連表1_M(乗員判別)_XR6.xlsx,,,,,,,,,,,,,YES,,,,,,"seat heater: w, seat lining: s4, ventilated(heatercooler) seat: w",YES,,,,,,"seat heater: w, seat lining: s4, ventilated(heatercooler) seat: w",,,,,,,,,,,,,,,,,,,,,,,,,,,,,,,,,,,,,,,,,,,,,,,,,,,,,,,,,,,,,,,1,,,,,,,,*,,,,,,
,MSTR-014-0044800-d0001,,,,,,,,,,,,,,,,,,,,,,,,,,,,,,,,,,,,,,,,,,,,,,,,,,,,,,,,,,,,,,,,,,,,,,,,,,,,,,,,,,,,,,,,,,,,,,,,,関連表1_M(乗員判別)_XR6.xlsx,,,,,,YES,,,,,,,,,"seat heater: w, seat lining: s4, ventilated(heatercooler) seat: w",YES,,,,,,,,,"seat heater: w, seat lining: s4, ventilated(heatercooler) seat: w",,,,,,,,,,,,,,,,1,,,,*,,,,*,,,,*,,,,,,
,MSTR-014-0169800,,,,,,,,,,,,,,,,,,,,,,,,,,,,,,,,,,,,,,,,,,,,,,,,,,,,,,,,,,,,,,,,,,,,,,,,,,,,,,,,,,,,,,,,,,,,,,,,,関連表1_M(乗員判別)_XR6.xlsx,,,,,,YES,,,,,,,,,"seat heater: w, seat lining: s4, ventilated(heatercooler) seat: w",YES,,,,,,,,,"seat heater: w, seat lining: s4, ventilated(heatercooler) seat: w",,,,,,,,,,,,,,,,1,,,,*,,,,*,,,,*,,,,,,
,MSTR-014-0169800-d0001,,,,,,,,,,,,,,,,,,,,,,,,,,,,,,,,,,,,,,,,,,,,,,,,,,,,,関連表1_M(乗員判別)_XR6.xlsx,,,,,,,,,,,,,YES,,,,,,"seat heater: w, seat lining: s4, ventilated(heatercooler) seat: w",YES,,,,,,"seat heater: w, seat lining: s4, ventilated(heatercooler) seat: w",,,,,,,,,,,,,,,,,,,,,,,,,,,,,,,,,,,,,,,,,,,,,,,,,,,,,,,,,,,,,,,1,,,,,,,,*,,,,,,
,MSTR-014-0170100,,,,,,,,,,,,,,,,,,,,,,,,,,,,,,,,,,,,,,,,,,,,,,,,,,,,,関連表1_M(乗員判別)_XR6.xlsx,,,,,,,,,,,,,YES,,,,,,,YES,,,,,,,,,,,,,,,,,,,,,,,,関連表1_M(乗員判別)_XR6.xlsx,,,,,,YES,,,,,,,,,,YES,,,,,,,,,,,,,,,,,,,,,,,,,,,,,,,,,,,,,,,,,,要望仕様が存在しない,OCCUPANT MONITORING / CHILD PRESENCE DETECTION INDIRECT: W
,MSTR-014-0170200,,,,,,,,,,,,,,,,,,,,,,,,,,,,,,,,,,,,,,,,,,,,,,,,,,,,,関連表1_M(乗員判別)_XR6.xlsx,,,,,,,,,,,,,YES,,,,,,"occupant monitoring / child presence detection direct: w, sunroof: w",YES,,,,,,"occupant monitoring / child presence detection direct: w, sunroof: w",,,,,,,,,,,,,,,,,,,,,,,,,,,,,,,,,,,,,,,,,,,,,,,,,,,,,,,,,,,,,,,1,,,,,,,,*,,,,,,
,MSTR-014-0170200-d0001,,,,,,,,,,,,,,,,,,,,,,,,,,,,,,,,,,,,,,,,,,,,,,,,,,,,,,,,,,,,,,,,,,,,,,,,,,,,,,,,,,,,,,,,,,,,,,,,,関連表1_M(乗員判別)_XR6.xlsx,,,,,,YES,,,,,,,,,"occupant monitoring / child presence detection direct: w, sunroof: w",YES,,,,,,,,,"occupant monitoring / child presence detection direct: w, sunroof: w",,,,,,,,,,,,,,,,1,,,,*,,,,*,,,,*,,,,,,
,MSTR-014-0170300,,,,,,,,,,,,,,,,,,,,,,,,,,,,,,,,,,,,,,,,,,,,,,,,,,,,,関連表1_M(乗員判別)_XR6.xlsx,,,,,,,,,,,,,YES,,,,,,"combi meter: full tft, occupant monitoring / child presence detection direct: w, sunroof: w",YES,,,,,,"combi meter: full tft, occupant monitoring / child presence detection direct: w, sunroof: w",,,,,,,,,,,,,,,,,,,,,,,,,,,,,,,,,,,,,,,,,,,,,,,,,,,,,,,,,,,,,,,1,,,,,,,,*,,,,,,
,MSTR-014-0170300-d0001,,,,,,,,,,,,,,,,,,,,,,,,,,,,,,,,,,,,,,,,,,,,,,,,,,,,,,,,,,,,,,,,,,,,,,,,,,,,,,,,,,,,,,,,,,,,,,,,,関連表1_M(乗員判別)_XR6.xlsx,,,,,,YES,,,,,,,,,"combi meter: full tft, occupant monitoring / child presence detection direct: w, sunroof: w",YES,,,,,,,,,"combi meter: full tft, occupant monitoring / child presence detection direct: w, sunroof: w",,,,,,,,,,,,,,,,1,,,,*,,,,*,,,,*,,,,,,
